01C019105,PEAVINE  ELEMENTARY,40057.1217
01C022105,MARYETTA ELEMENTARY,44596.8644
01C024105,ROCKY MOUNTAIN ELEMENTARY,43293.1467
01C028105,ZION ELEMENTARY,41431.3702
01C029105,DAHLONEGAH ELEMENTARY,42722.8
01C032105,GREASY ELEMENTARY,38747.4026
01I004105,WATTS ELEMENTARY,42642.1652
01I004705,WATTS HIGH SCHOOL,41725.8855
01I011105,WESTVILLE ELEMENTARY,41789.9744
01I011610,WESTVILLE JR HIGH SCHOOL,43596.6158
01I011705,WESTVILLE HIGH SCHOOL,42090.3202
01I025105,STILWELL ELEMENTARY,42196.9682
01I025505,STILWELL MIDDLE SCHOOL,44988.8102
01I025705,STILWELL HIGH SCHOOL,42037.2296
01I030105,CAVE SPRINGS ELEMENTARY,42812.2
01I030705,CAVE SPRINGS HIGH SCHOOL,39426.9949
02I001105,BURLINGTON ELEMENTARY,46151.6638
02I001705,BURLINGTON HIGH SCHOOL,47312.0244
02I046105,CHEROKEE ELEMENTARY,47578.055
02I046510,CHEROKEE MIDDLE SCHOOL,39440.5455
02I046705,CHEROKEE HIGH SCHOOL,51039.7259
02I093105,TIMBERLAKE ELEMENTARY,43177.3764
02I093705,TIMBERLAKE HIGH SCHOOL,49540.7103
03C021105,HARMONY ELEMENTARY,44578.8332
03C022105,LANE ELEMENTARY,39605.0227
03I007105,STRINGTOWN ELEMENTARY,43207.1279
03I007705,STRINGTOWN HIGH SCHOOL,48833.4624
03I015120,ATOKA ELEMENTARY,42893.7348
03I015505,McCALL MIDDLE SCHOOL,43298.1636
03I015705,ATOKA HIGH SCHOOL,44116.7549
03I019105,TUSHKA ELEMENTARY,42968.3226
03I019705,TUSHKA HIGH SCHOOL,44714.8713
03I026105,CANEY ELEMENTARY,41335.6171
03I026705,CANEY HIGH SCHOOL,45594.1242
04I022105,BEAVER ELEMENTARY,41759.1811
04I022705,BEAVER HIGH SCHOOL,46673.43
04I075105,BALKO ELEMENTARY,45771.3043
04I075705,BALKO HIGH SCHOOL,47087.5
04I123105,FORGAN ELEMENTARY,42444.9664
04I123705,FORGAN HIGH SCHOOL,42577.4738
04I128105,TURPIN ELEMENTARY,44279.0698
04I128705,TURPIN HIGH SCHOOL,44266.5042
05I002105,MERRITT ELEMENTARY,40890.6375
05I002705,MERRITT HIGH SCHOOL,44195.913
05I006105,FAIRVIEW ELEMENTARY,40743.241
05I006110,PIONEER ELEMENTARY,41518.8999
05I006115,GRANDVIEW 5TH/6TH GRADE CTR,45104.8908
05I006120,NORTHEAST ELEMENTARY,40507.7536
05I006610,8TH & 9TH GRADE CTR,42105.7345
05I006705,ELK CITY HIGH SCHOOL,45070.701
05I031105,SAYRE ELEMENTARY,42189.4523
05I031505,SAYRE MIDDLE SCHOOL,44169.1846
05I031705,SAYRE HIGH SCHOOL,41927.4371
05I051105,ERICK ELEMENTARY,42349.392
05I051715,ERICK HIGH SCHOOL,47735.9375
06I009105,OKEENE ELEMENTARY,44678.1233
06I009615,OKEENE JR HIGH SCHOOL,42725.4194
06I009715,OKEENE SR HIGH SCHOOL,43982.4615
06I042105,WATONGA ELEMENTARY,41758.5944
06I042505,WATONGA MIDDLE SCHOOL,45154.0799
06I042705,WATONGA HIGH SCHOOL,41286.5733
06I080105,GEARY ELEMENTARY,41251.7204
06I080500,GEARY MIDDLE SCHOOL,43524.2527
06I080715,GEARY HIGH SCHOOL,43152.3223
06I105105,CANTON ELEMENTARY,44290.3957
06I105705,CANTON HIGH SCHOOL,48017.3605
07I001110,SILO ELEMENTARY,42535.8488
07I001610,SILO JR HIGH SCHOOL,42824.7799
07I001705,SILO HIGH SCHOOL,42780
07I002105,ROCK CREEK ELEMENTARY,42336.4832
07I002705,ROCK CREEK HIGH SCHOOL,46331.6546
07I003105,ACHILLE ELEMENTARY,41722.0191
07I003705,ACHILLE HIGH SCHOOL,44367.5999
07I004105,WARD EAST ELEMENTARY,43164.6516
07I004110,WARD WEST ELEMENTARY,39686.0966
07I004505,COLBERT MIDDLE SCHOOL,43007.0014
07I004715,COLBERT HIGH SCHOOL,42502.7997
07I005105,CADDO ELEMENTARY,43221.6453
07I005715,CADDO HIGH SCHOOL,45550.9121
07I040105,BENNINGTON ELEMENTARY,41008.3866
07I040705,BENNINGTON HIGH SCHOOL,43442.9963
07I048105,CALERA ELEMENTARY,42560.7274
07I048705,CALERA HIGH SCHOOL,45616.1455
07I072105,WASHINGTON IRVING ELEMENTARY,47685.9643
07I072110,ROBERT E. LEE ELEMENTARY,45352.652
07I072115,NORTHWEST HEIGHTS ELEMENTARY,47939.4333
07I072125,DURANT INTERMEDIATE ELEMENTARY SCHOOL,50972.8377
07I072500,DURANT MIDDLE SCHOOL,49431.0243
07I072705,DURANT HIGH SCHOOL,53394.2727
08I011105,HYDRO-EAKLY ELEMENTARY,40907.6308
08I011505,HYDRO-EAKLY MIDDLE SCHOOL,40614.1866
08I011715,HYDRO-EAKLY HIGH SCHOOL,43406.978
08I012105,LOOKEBA-SICKLES ELEMENTARY,44609.0045
08I012705,LOOKEBA-SICKLES HIGH SCHOOL,48923.856
08I020105,ANADARKO EAST ELEMENTARY,42457.3597
08I020115,SUNSET ELEMENTARY,42438.7205
08I020120,MISSION ELEMENTARY,42847.0199
08I020510,ANADARKO MIDDLE SCHOOL,43403.3751
08I020705,ANADARKO HIGH SCHOOL,46765.3121
08I033105,CARNEGIE ELEMENTARY,45176.7326
08I033510,CARNEGIE MIDDLE SCHOOL,44881.5093
08I033705,CARNEGIE HIGH SCHOOL,45173.2669
08I056105,APACHE ELEMENTARY,43141.6795
08I056505,APACHE MIDDLE SCHOOL,48393.849
08I056705,APACHE HIGH SCHOOL,41425.5717
08I064105,CYRIL ELEMENTARY,44301.3871
08I064610,JR HIGH SCHOOL,44937.8089
08I064715,CYRIL HIGH SCHOOL,39882.1056
08I086105,GRACEMONT ELEMENTARY,41857.6667
08I086705,GRACEMONT HIGH SCHOOL,43123.8857
08I160105,CEMENT ELEMENTARY,45309.1494
08I160715,CEMENT HIGH SCHOOL,42268.1212
08I161105,HINTON ELEMENTARY,41731.2084
08I161610,HINTON MIDDLE SCHOOL,45246.1508
08I161705,HINTON HIGH SCHOOL,48167.9294
08I167105,FORT COBB-BROXTON LOWER ELEMENTARY,46669.6102
08I167505,FORT COBB-BROXTON MIDDLE SCHOOL,46564.3478
08I167705,FORT COBB-BROXTON HIGH SCHOOL,49033.0813
08I168105,BINGER-ONEY ELEMENTARY,42866.5776
08I168705,BINGER-ONEY HIGH SCHOOL,42519.4721
09C029105,RIVERSIDE ELEMENTARY,43281.75
09C031105,BANNER ELEMENTARY,45634.2007
09C070105,DARLINGTON ELEMENTARY,44732.9229
09C162105,MAPLE ELEMENTARY,50002.2872
09I022105,PIEDMONT ELEMENTARY,43283.3971
09I022110,PIEDMONT PRIMARY ELEMENTARY,44369.8182
09I022115,STONE RIDGE ELEMENTARY,41898.3077
09I022120,NORTHWOOD ELEMENTARY,42668.4167
09I022125,PIEDMONT INTERMEDIATE ELEMENTARY,42473.2496
09I022510,PIEDMONT MIDDLE SCHOOL,42081.6214
09I022705,PIEDMONT HIGH SCHOOL,42904.3785
09I027105,CENTRAL ELEMENTARY,45697.5056
09I027110,MYERS ELEMENTARY,42589.3343
09I027115,SHEDECK ELEMENTARY,44486.1461
09I027120,RANCHWOOD ELEMENTARY,46073.05
09I027125,SURREY HILLS ELEMENTARY,44776.5809
09I027130,PARKLAND ELEMENTARY,47094.442
09I027135,SKYVIEW ELEMENTARY,46043.7516
09I027140,INDEPENDENCE ELEMENTARY,45683.7138
09I027145,LAKEVIEW ELEMENTARY,46763.8501
09I027520,YUKON MIDDLE SCHOOL,46893.1141
09I027705,YUKON HIGH SCHOOL,47549.9314
09I034110,HILLCREST ELEMENTARY,42455.3684
09I034120,LINCOLN ELEMENTARY,42704.3979
09I034130,WEBSTER ELEMENTARY,44847.8314
09I034135,ROSE WITCHER ELEMENTARY,40021.5174
09I034510,LESLIE F. ROBLYER MIDDLE SCHOOL,43708.1504
09I034610,ETTA DALE JR HIGH SCHOOL,45062.6791
09I034705,EL RENO HIGH SCHOOL,43022.4394
09I057105,UNION CITY ELEMENTARY,43175.6667
09I057705,UNION CITY HIGH SCHOOL,41544.8789
09I069105,MUSTANG ELEMENTARY,42294.7609
09I069110,MUSTANG VALLEY ELEMENTARY,44339.1586
09I069115,MUSTANG LAKEHOMA ELEMENTARY,47468.0635
09I069120,MUSTANG TRAILS ELEMENTARY,44997.5163
09I069125,MUSTANG CREEK ELEMENTARY,43793.6873
09I069130,MUSTANG EDUCATION CTR,41929.4444
09I069135,MUSTANG CENTENNIAL ELEMENTARY,44089.3397
09I069140,MUSTANG HORIZON INTERMEDIATE ELEMENTARY SCHOOL,44288.292
09I069145,CANYON RIDGE INTERMEDIATE ELEMENTARY SCHOOL,44216.5503
09I069150,PRAIRIE VIEW ELEMENTARY SCHOOL,44988.1165
09I069505,MUSTANG MIDDLE SCHOOL,45049.0605
09I069510,MUSTANG NORTH MIDDLE SCHOOL,45422.2168
09I069705,MUSTANG HIGH SCHOOL,47233.3008
09I076105,CALUMET ELEMENTARY,40292.5941
09I076610,CALUMET JR HIGH SCHOOL,36787.7462
09I076705,CALUMET HIGH SCHOOL,41235.2848
10C072105,ZANEIS ELEMENTARY,42248.5133
10I019110,CHARLES EVANS ELEMENTARY,41312.6323
10I019120,JEFFERSON ELEMENTARY,44008.0763
10I019125,LINCOLN ELEMENTARY,42843.1956
10I019135,WILL ROGERS ELEMENTARY,42539.5578
10I019505,ARDMORE MIDDLE SCHOOL,44009.097
10I019705,ARDMORE HIGH SCHOOL,43643.6869
10I021105,SPRINGER ELEMENTARY,39830.4733
10I021705,SPRINGER HIGH SCHOOL,42341.2909
10I027105,PLAINVIEW PRIMARY ELEMENTARY,44023.091
10I027110,PLAINVIEW INTERMEDIATE ELEMENTARY SCHOOL,42499.2707
10I027505,PLAINVIEW MIDDLE SCHOOL,42948.9526
10I027705,PLAINVIEW HIGH SCHOOL,44579.0797
10I032105,LONE GROVE INTERMEDIATE SCHOOL,42036.3667
10I032110,LONE GROVE PRIMARY ELEMENTARY,39381.6298
10I032505,LONE GROVE MIDDLE SCHOOL,41601.2872
10I032705,LONE GROVE HIGH SCHOOL,43100.1926
10I043105,WILSON ELEMENTARY,41976.7358
10I043705,WILSON HIGH SCHOOL,44483.6
10I055105,HEALDTON ELEMENTARY,41590.5319
10I055505,HEALDTON MIDDLE SCHOOL,45415.8447
10I055705,HEALDTON HIGH SCHOOL,47108.4108
10I074105,FOX ELEMENTARY,43213.3333
10I074705,FOX HIGH SCHOOL,47654.6909
10I077105,DICKSON ELEMENTARY,42915.8628
10I077110,DICKSON UPPER ELEMENTARY,38314.6257
10I077510,DICKSON MIDDLE SCHOOL,40453.6808
10I077705,DICKSON HIGH SCHOOL,42680.6412
11C010105,LOWREY ELEMENTARY,44094.898
11C014105,NORWOOD ELEMENTARY,42219.0229
11C021105,WOODALL ELEMENTARY,49018.5137
11C026105,SHADY GROVE ELEMENTARY,45398.5838
11C031105,PEGGS ELEMENTARY,46158.2514
11C034105,GRAND VIEW ELEMENTARY,43978.6147
11C044105,BRIGGS ELEMENTARY,47558.3658
11C066105,TENKILLER ELEMENTARY,47073.9692
11I006105,KEYS ELEMENTARY,44029.6364
11I006705,KEYS HIGH SCHOOL,47387.1401
11I016105,HULBERT ELEMENTARY,42971.6842
11I016615,HULBERT JR HIGH SCHOOL,42787.5
11I016715,HULBERT SR HIGH SCHOOL,40751.2908
11I035115,SEQUOYAH ELEMENTARY,44345.7419
11I035210,CHEROKEE ELEMENTARY SCHOOL,42485.3191
11I035212,GREENWOOD ELEMENTARY SCHOOL,43783.9661
11I035225,HERITAGE ELEMENTARY SCHOOL,42575.7841
11I035520,TAHLEQUAH MIDDLE SCHOOL,43871.1219
11I035705,TAHLEQUAH HIGH SCHOOL,45472.0288
12C003105,GRANT ELEMENTARY,44760.4119
12C021105,SWINK ELEMENTARY,48881.9231
12I001105,BOSWELL ELEMENTARY,42171.4146
12I001515,BOSWELL MIDDLE SCHOOL,41787.888
12I001715,BOSWELL HIGH SCHOOL,45445.3843
12I002105,FORT TOWSON ELEMENTARY,43448.5251
12I002605,FORT TOWSON JR HIGH SCHOOL,38933.8843
12I002705,FORT TOWSON HIGH SCHOOL,41928.6771
12I004105,SOPER ELEMENTARY,43943.638
12I004705,SOPER HIGH SCHOOL,42034.4372
12I039135,HUGO ELEMENTARY,40961.493
12I039140,HUGO INTERMEDIATE,39488.6406
12I039510,HUGO MIDDLE SCHOOL,41649.1302
12I039705,HUGO HIGH SCHOOL,43553.6442
13I002105,BOISE CITY ELEMENTARY,39686.6808
13I002505,BOISE CITY JR HIGH SCHOOL,44996.1766
13I002705,BOISE CITY HIGH SCHOOL,44123.594
13I010105,FELT ELEMENTARY,38576.7684
13I010705,FELT HIGH SCHOOL,45985.9952
13I011105,KEYES ELEMENTARY,47837.1894
13I011705,KEYES HIGH SCHOOL,37377.1863
14C016105,ROBIN HILL ELEMENTARY,40533.1282
14I002103,CENTRAL ELEMENTARY,48027.4001
14I002107,FAIRVIEW ELEMENTARY,43898.1455
14I002108,KELLEY ELEMENTARY,45768.1694
14I002109,NORTHMOOR ELEMENTARY,45530.1822
14I002110,SOUTHGATE-RIPPETOE ELEMENTARY,45389.73
14I002112,PLAZA TOWERS ELEMENTARY,44680.7385
14I002113,SKY RANCH ELEMENTARY,44045.9164
14I002117,KINGSGATE ELEMENTARY,45352.6705
14I002120,HOUCHIN ELEMENTARY,44648.9968
14I002125,WINDING CREEK ELEMENTARY,44410.5566
14I002130,SANTA FE ELEMENTARY,47444.15
14I002135,APPLE CREEK ELEMENTARY,42375.3076
14I002140,RED OAK ELEMENTARY,51453.5868
14I002145,BRIARWOOD ELEMENTARY,44822.8664
14I002155,FISHER ELEMENTARY,46338.5568
14I002160,SOONER ELEMENTARY,43894.2172
14I002165,EARLYWINE ELEMENTARY,47356.0529
14I002170,BROADMOORE ELEMENTARY,45263.4936
14I002175,EASTLAKE ELEMENTARY,45160.5889
14I002180,BRYANT ELEMENTARY,43132.4785
14I002181,WAYLAND BONDS ELEMENTARY,47566.8548
14I002185,OAKRIDGE ELEMENTARY,46295.1258
14I002190,HERITAGE TRAILS ELEMENTARY,43066.2451
14I002195,SOUTH LAKE ELEMENTARY SCHOOL,45420.4084
14I002610,BRINK JR HIGH SCHOOL,46703.3648
14I002650,HIGHLAND EAST JR HIGH SCHOOL,46469.421
14I002655,HIGHLAND WEST JR HIGH SCHOOL,43565.7955
14I002680,WEST JR HIGH SCHOOL,45092.6207
14I002685,CENTRAL JR HIGH SCHOOL,46337.2074
14I002705,MOORE HIGH SCHOOL,46752.5811
14I002710,WESTMOORE HIGH SCHOOL,46853.6135
14I002715,SOUTHMOORE HIGH SCHOOL,46385.9549
14I029107,LAKEVIEW ELEMENTARY,46803.757
14I029110,ADAMS ELEMENTARY,43912.139
14I029112,CLEVELAND ELEMENTARY,45759.8487
14I029115,JACKSON ELEMENTARY,44168.6305
14I029120,JEFFERSON ELEMENTARY,45950.5847
14I029122,KENNEDY ELEMENTARY,44800.9266
14I029125,LINCOLN ELEMENTARY,45241.8819
14I029130,MADISON ELEMENTARY,45032.1133
14I029135,McKINLEY ELEMENTARY,43878.0282
14I029140,EISENHOWER ELEMENTARY,40593.7538
14I029145,WILSON ELEMENTARY,44133.6432
14I029150,MONROE ELEMENTARY,44056.8182
14I029151,RONALD REAGAN ELEMENTARY,42850.2639
14I029153,ROOSEVELT ELEMENTARY,44161.5995
14I029155,TRUMAN ELEMENTARY,47653.4962
14I029160,WASHINGTON ELEMENTARY,45144.59
14I029165,TRUMAN PRIMARY SCHOOL,43323.6526
14I029500,IRVING MIDDLE SCHOOL,45492.1828
14I029501,ALCOTT MIDDLE SCHOOL,44197.0012
14I029502,LONGFELLOW MIDDLE SCHOOL,46894.2978
14I029504,WHITTIER MIDDLE SCHOOL,45686.5926
14I029705,NORMAN HIGH SCHOOL,47117.3304
14I029710,NORMAN NORTH HIGH SCHOOL,48586.5285
14I040105,KATHERINE I. DAILY ELEMENTARY,45149.2308
14I040110,PIONEER INTERMEDIATE ELEMENTARY SCHOOL,49072.35
14I040115,JOHN K. HUBBARD ELEMENTARY,48145.9535
14I040510,CURTIS INGE MIDDLE SCHOOL,48553.9114
14I040705,NOBLE HIGH SCHOOL,49683.6836
14I057105,LEXINGTON ELEMENTARY,40466.7529
14I057110,LEXINGTON INTERMEDIATE SCHOOL,38701.1838
14I057510,LEXINGTON MIDDLE SCHOOL,44453.7327
14I057705,LEXINGTON HIGH SCHOOL,42036.2117
14I070105,LITTLE AXE ELEMENTARY,41077.3068
14I070505,LITTLE AXE MIDDLE SCHOOL,42148.005
14I070715,LITTLE AXE HIGH SCHOOL,43342.5613
15C004105,COTTONWOOD ELEMENTARY,42771.288
15I001105,EMERSON ELEMENTARY,43864.1677
15I001505,WALLACE BYRD MIDDLE SCHOOL,46201.0196
15I001705,COALGATE HIGH SCHOOL,46332.464
15I002105,TUPELO ELEMENTARY,42968.4967
15I002705,TUPELO HIGH SCHOOL,47239.4217
16C048105,FLOWER MOUND ELEMENTARY,46162.7405
16C049105,BISHOP ELEMENTARY,45970.8253
16I001105,CACHE PRIMARY ELEMENTARY,43512.5461
16I001110,CACHE INTERMEDIATE ELEMENTARY SCHOOL,45727.2016
16I001505,CACHE MIDDLE SCHOOL,42781.4548
16I001530,CACHE 5TH AND 6TH GRADE MIDDLE SCHOOL,47073.1691
16I001705,CACHE HIGH SCHOOL,47800.7492
16I002105,INDIAHOMA ELEMENTARY,37130.579
16I002705,INDIAHOMA HIGH SCHOOL,41404.9534
16I003105,STERLING ELEMENTARY,46791.5882
16I003705,STERLING HIGH SCHOOL,50891.3652
16I004105,GERONIMO ELEMENTARY,42466.8772
16I004505,GERONIMO MIDDLE SCHOOL,40950.1473
16I004705,GERONIMO HIGH SCHOOL,41235.5658
16I008105,ADAMS ELEMENTARY,44504.3333
16I008106,ALMOR WEST ELEMENTARY,45149.9412
16I008107,BROCKLAND ELEMENTARY,45797.5
16I008108,CARRIAGE HILLS ELEMENTARY,42277.3125
16I008110,CLEVELAND ELEMENTARY,45448.5294
16I008114,CROSBY PARK ELEMENTARY,49666.0833
16I008122,EDISON ELEMENTARY,45554.7999
16I008125,EISENHOWER ELEMENTARY,39335.8736
16I008135,GERONIMO ROAD ELEMENTARY,43991.2692
16I008140,RIDGECREST ELEMENTARY,42536.4164
16I008148,HUGH BISH ELEMENTARY,42825.3125
16I008160,BEGINNINGS ACADEMY,42921.5515
16I008165,LINCOLN ELEMENTARY,44311.1044
16I008167,PARK LANE ELEMENTARY,47369.3364
16I008168,PAT HENRY ELEMENTARY,44923.0794
16I008173,PIONEER PARK ELEMENTARY,46562.7336
16I008180,SHERIDAN ROAD ELEMENTARY,45411.2097
16I008183,SULLIVAN VILLAGE ELEMENTARY,45276.2018
16I008185,SWINNEY ELEMENTARY,44297.5502
16I008195,WASHINGTON ELEMENTARY,45614.9315
16I008200,LEARNING TREE ACADEMY,44293.7143
16I008205,WHITTIER ELEMENTARY,42609.8945
16I008215,WILSON ELEMENTARY,44666.4085
16I008220,WOODLAND HILLS ELEMENTARY,42119.4769
16I008530,MacARTHUR MIDDLE SCHOOL,46435.8356
16I008535,CENTRAL MIDDLE SCHOOL,45107.3089
16I008540,TOMLINSON MIDDLE SCHOOL,45699.1302
16I008545,EISENHOWER MIDDLE SCHOOL,47085.6615
16I008705,EISENHOWER HIGH SCHOOL,47489.6535
16I008710,LAWTON HIGH SCHOOL,45822.4839
16I008715,MacARTHUR HIGH SCHOOL,48229.7482
16I009105,FLETCHER ELEMENTARY,41491.5078
16I009615,FLETCHER JR HIGH SCHOOL,42511.6624
16I009715,FLETCHER HIGH SCHOOL,43971.2614
16I016105,ELGIN ELEMENTARY,41255.2424
16I016505,ELGIN MIDDLE SCHOOL,41436.7217
16I016705,ELGIN HIGH SCHOOL,44478.7984
16I132105,CHATTANOOGA ELEMENTARY,43584.7255
16I132705,CHATTANOOGA HIGH SCHOOL,46812.1154
17I001105,WALTERS ELEMENTARY,44972.8095
17I001505,WALTERS MIDDLE SCHOOL,36740.9356
17I001705,WALTERS HIGH SCHOOL,42823.8152
17I101105,TEMPLE ELEMENTARY,40126.6667
17I101715,TEMPLE HIGH SCHOOL,41193.494
17I333105,BIG PASTURE ELEMENTARY,42678.5263
17I333705,BIG PASTURE HIGH SCHOOL,42818.1176
18C001105,WHITE OAK ELEMENTARY,40550.4
18I006105,KETCHUM ELEMENTARY,43344.2336
18I006505,KETCHUM MIDDLE SCHOOL,45761.8504
18I006705,KETCHUM HIGH SCHOOL,43092.6086
18I017115,WELCH ELEMENTARY,43587.6421
18I017515,WELCH MIDDLE SCHOOL,43366.8733
18I017715,WELCH HIGH SCHOOL,47146.2977
18I020105,BLUEJACKET ELEMENTARY,41840.5286
18I020505,BLUEJACKET MIDDLE SCHOOL,40447.1399
18I020705,BLUEJACKET HIGH SCHOOL,44745.5672
18I065200,VINITA ELEMENTARY,45905.105
18I065510,EWING HALSELL MIDDLE SCHOOL,44285.2757
18I065705,VINITA HIGH SCHOOL,45726.413
19C008105,LONE STAR ELEMENTARY,44261.3369
19C012105,GYPSY ELEMENTARY,42676.3415
19C034105,PRETTY WATER ELEMENTARY,43371.599
19C035105,ALLEN-BOWDEN ELEMENTARY,40419.0411
19I002110,EDISON ELEMENTARY,44287.3384
19I002115,COLLINS ELEMENTARY,43532.1549
19I002505,BRISTOW MIDDLE SCHOOL,45165.3025
19I002705,BRISTOW HIGH SCHOOL,43888.8156
19I003105,MANNFORD LOWER ELEMENTARY,39962.8859
19I003110,MANNFORD UPPER ELEMENTARY,42145.7644
19I003115,MANNFORD EC CTR,41688
19I003500,MANNFORD MIDDLE SCHOOL,40814.3159
19I003705,MANNFORD HIGH SCHOOL,42804.7039
19I005105,MOUNDS ELEMENTARY,40615.2443
19I005705,MOUNDS HIGH SCHOOL,42401.3147
19I017105,OLIVE ELEMENTARY,41495.5138
19I017715,OLIVE HIGH SCHOOL,44783.7293
19I018105,KIEFER ELEMENTARY,39696.6292
19I018505,RONGEY MIDDLE SCHOOL,39783.7539
19I018705,KIEFER HIGH SCHOOL,43589.4246
19I020105,J. F. KENNEDY ELEMENTARY,39221.0227
19I020715,OILTON HIGH SCHOOL,40632.3265
19I021105,DEPEW ELEMENTARY,43148.1994
19I021705,DEPEW HIGH SCHOOL,46946.4661
19I031105,KELLYVILLE ELEMENTARY,42742.042
19I031110,KELLYVILLE UPPER ELEMENTARY,44699.7932
19I031505,KELLYVILLE MIDDLE SCHOOL,43275.525
19I031705,KELLYVILLE HIGH SCHOOL,45134.1475
19I033125,LIBERTY ELEMENTARY,44136.7151
19I033150,FREEDOM ELEMENTARY,44364.9135
19I033160,JEFFERSON HEIGHTS ELEMENTARY,42366.1764
19I033165,HOLMES PARK ELEMENTARY,44166.3539
19I033505,SAPULPA MIDDLE SCHOOL,44297.9318
19I033610,SAPULPA JR HIGH SCHOOL,48655.5778
19I033705,SAPULPA HIGH SCHOOL,46299.6619
19I039115,BRADLEY ELEMENTARY,43957.6489
19I039505,VIRGIL COOPER MIDDLE SCHOOL,43877.3761
19I039705,DRUMRIGHT HIGH SCHOOL,45726.7226
20I005105,ARAPAHO-BUTLER ELEMENTARY,43751.6165
20I005715,ARAPAHO-BUTLER HIGH SCHOOL,45649.3633
20I007105,THOMAS ELEMENTARY,46224.6111
20I007615,THOMAS-FAY-CUSTER JR HIGH SCHOOL,47197.9389
20I007715,THOMAS-FAY-CUSTER HIGH SCHOOL,55570.0059
20I026105,WEATHERFORD EAST ELEMENTARY,43850.9048
20I026115,WEATHERFORD WEST ELEMENTARY,43521.5556
20I026120,BURCHAM ELEMENTARY,43397.5532
20I026510,WEATHERFORD MIDDLE SCHOOL,44694.4316
20I026705,WEATHERFORD HIGH SCHOOL,46541.4844
20I099110,NANCE ELEMENTARY,43326.4273
20I099115,SOUTHWEST ELEMENTARY,41217.3807
20I099120,WASHINGTON ELEMENTARY,42392.0837
20I099505,CLINTON MIDDLE SCHOOL,43409.2392
20I099705,CLINTON HIGH SCHOOL,48290.3595
21C006105,CLEORA ELEMENTARY,47487.4737
21C014105,LEACH ELEMENTARY,39357.1041
21C030105,KENWOOD ELEMENTARY,42506.3333
21C034105,MOSELEY ELEMENTARY,44722.0741
21I001105,JAY ELEMENTARY,43872.5574
21I001305,JAY UPPER ELEMENTARY,47098.6379
21I001505,JAY MIDDLE SCHOOL,44812.3564
21I001705,JAY HIGH SCHOOL,47127.5009
21I002105,GROVE UPPER ELEMENTARY,47942.3333
21I002110,GROVE LOWER ELEMENTARY,48147.9376
21I002505,GROVE MIDDLE SCHOOL,47737.2796
21I002705,GROVE HIGH SCHOOL,48687.1827
21I003105,KANSAS ELEMENTARY,43165.3192
21I003505,KANSAS MIDDLE SCHOOL,41658.0386
21I003715,KANSAS HIGH SCHOOL,43603.0376
21I004105,COLCORD ELEMENTARY,43369.216
21I004715,COLCORD HIGH SCHOOL,44803.7634
21I005105,OAKS-MISSION ELEMENTARY,51299.639
21I005715,OAKS-MISSION HIGH SCHOOL,44502.631
22I005105,VICI ELEMENTARY,41476.4087
22I005705,VICI HIGH SCHOOL,44306.701
22I008105,SEILING ELEMENTARY,44517.2301
22I008615,SEILING JR HIGH SCHOOL,47157.9757
22I008715,SEILING SR HIGH SCHOOL,45335.8787
22I010105,TALOGA ELEMENTARY,41986.8308
22I010705,TALOGA HIGH SCHOOL,46387.8621
23I002105,FARGO ELEMENTARY,42471.7736
23I002705,FARGO HIGH SCHOOL,41974.3396
23I003105,ARNETT ELEMENTARY,40513.305
23I003705,ARNETT HIGH SCHOOL,44379.4693
23I039105,GAGE ELEMENTARY,40671.6621
23I039705,GAGE HIGH SCHOOL,47204.2829
23I042105,SHATTUCK ELEMENTARY,42026.6648
23I042705,SHATTUCK HIGH SCHOOL,43177.2941
24I001105,WAUKOMIS ELEMENTARY,42617.6471
24I001705,WAUKOMIS HIGH SCHOOL,41695.8142
24I018105,KREMLIN-HILLSDALE ELEMENTARY,44223.7649
24I018705,KREMLIN-HILLSDALE HIGH SCHOOL,40134.0267
24I042105,CHISHOLM ELEMENTARY,40134.634
24I042505,CHISHOLM MIDDLE SCHOOL,40339.1178
24I042705,CHISHOLM HIGH SCHOOL,44764.0395
24I047105,GARBER ELEMENTARY,43244.1133
24I047715,GARBER HIGH SCHOOL,44097.3196
24I056105,PIONEER-PLEASANT VALE ELEMENTARY,43143.6875
24I056610,PIONEER-PLEASANT VALE JR HIGH SCHOOL,38855.678
24I056705,PIONEER-PLEASANT VALE HIGH SCHOOL,49396.8453
24I057105,ADAMS ELEMENTARY,41129.2728
24I057115,CARVER EARLY CHILDHOOD CENTER,42662.521
24I057120,COOLIDGE ELEMENTARY,42075.5263
24I057125,EISENHOWER ELEMENTARY,43220.1402
24I057130,GARFIELD ELEMENTARY,42288.9836
24I057132,GLENWOOD ELEMENTARY,43752.0585
24I057137,HAYES ELEMENTARY,42085.054
24I057140,HOOVER ELEMENTARY,43579.5719
24I057160,McKINLEY ELEMENTARY,44100.6068
24I057165,MONROE ELEMENTARY,44076.414
24I057170,PRAIRIE VIEW ELEMENTARY,43792.4828
24I057175,TAFT ELEMENTARY,43695.4211
24I057505,EMERSON MIDDLE SCHOOL,46768.2022
24I057510,LONGFELLOW MIDDLE SCHOOL,42940.3624
24I057515,DEWITT WALLER MIDDLE SCHOOL,46023.7211
24I057705,ENID HIGH SCHOOL,45516.6266
24I085105,DRUMMOND ELEMENTARY,43736.6719
24I085705,DRUMMOND HIGH SCHOOL,43295.8333
24I094105,COVINGTON-DOUGLAS ELEMENTARY,41179.9201
24I094705,COVINGTON-DOUGLAS HIGH SCHOOL,44485.4795
25C016105,WHITEBEAD ELEMENTARY,44380.9681
25I002105,STRATFORD ELEMENTARY,43637.8333
25I002505,STRATFORD MIDDLE SCHOOL,41263.0502
25I002715,STRATFORD HIGH SCHOOL,42154.6417
25I005105,PAOLI ELEMENTARY,42890.9142
25I005705,PAOLI HIGH SCHOOL,46990.4802
25I007105,MAYSVILLE ELEMENTARY,47665.1203
25I007715,MAYSVILLE HIGH SCHOOL,47281.9048
25I009105,LINDSAY ELEMENTARY,43359.7388
25I009505,LINDSAY MIDDLE SCHOOL,41771.8803
25I009705,LINDSAY HIGH SCHOOL,44651.535
25I018105,JEFFERSON EARLY LRNING CTR,40146.5392
25I018110,JACKSON ELEMENTARY,39086.7824
25I018115,LEE ELEMENTARY,42507.1121
25I018610,PAULS VALLEY JR HIGH SCHOOL,41789.7724
25I018705,PAULS VALLEY HIGH SCHOOL,45848.7949
25I038105,CENTRAL ELEMENTARY,41487.8857
25I038500,WYNNEWOOD MIDDLE SCHOOL,42984.5964
25I038705,WYNNEWOOD HIGH SCHOOL,42922.6667
25I072105,ELMORE CITY-PERNELL ELEMENTARY,43018.0667
25I072605,ELMORE CITY JR HIGH SCHOOL,43760.1825
25I072715,SENIOR HIGH SCHOOL,46341.3339
26C037105,FRIEND ELEMENTARY,43158.8485
26C096105,MIDDLEBERG ELEMENTARY,43436.4334
26C131105,PIONEER ELEMENTARY,46064.1948
26I001105,GRAND AVENUE ELEMENTARY,41905.9797
26I001115,LINCOLN ELEMENTARY,45078.3443
26I001120,BILL WALLACE EC CTR,43526.0543
26I001510,CHICKASHA MIDDLE SCHOOL,43208.8624
26I001705,CHICKASHA HIGH SCHOOL,45440.4213
26I002105,MINCO ELEMENTARY,42662.4822
26I002505,MINCO MIDDLE SCHOOL,46825.1781
26I002715,MINCO HIGH SCHOOL,44445.9704
26I051105,NINNEKAH ELEMENTARY,40883.3912
26I051610,NINNEKAH JR HIGH SCHOOL,48621.8445
26I051705,SENIOR HIGH SCHOOL,45326.602
26I056105,ALEX ELEMENTARY,38036.2325
26I056715,ALEX HIGH SCHOOL,46452.6074
26I068105,RUSH SPRINGS ELEMENTARY,44198.5537
26I068505,RUSH SPRINGS MIDDLE SCHOOL,42079.6076
26I068705,RUSH SPRINGS HIGH SCHOOL,45746.8397
26I095105,BRIDGE CREEK ELEMENTARY,40566.429
26I095505,BRIDGE CREEK MIDDLE SCHOOL,43565.2769
26I095705,BRIDGE CREEK HIGH SCHOOL,44130.0767
26I097105,TUTTLE ELEMENTARY,41990.4024
26I097110,TUTTLE INTERMEDIATE ELEMENTARY SCHOOL,43000.1329
26I097505,TUTTLE MIDDLE SCHOOL,43925.2655
26I097705,TUTTLE HIGH SCHOOL,42070.8105
26I099105,VERDEN ELEMENTARY,41343.6067
26I099705,VERDEN HIGH SCHOOL,48967.7185
26I128105,AMBER-POCASSET ELEMENTARY,43182.3646
26I128615,AMBER-POCASSET JR HIGH SCHOOL,40494.3726
26I128715,AMBER-POCASSET HIGH SCHOOL,48797.6501
27I054105,MEDFORD ELEMENTARY,42571.2562
27I054705,MEDFORD HIGH SCHOOL,43745.0006
27I090105,POND CREEK-HUNTER ELEMENTARY,42897.0318
27I090505,POND CREEK-HUNTER MIDDLE SCHOOL,50935.8595
27I090705,POND CREEK-HUNTER HIGH SCHOOL,45966.9058
27I095105,DEER CREEK-LAMONT ELEMENTARY,45649.3172
27I095705,DEER CREEK-LAMONT HIGH SCHOOL,46031.1791
28I001105,EDISON ELEMENTARY,42413.1833
28I001510,MANGUM MIDDLE SCHOOL,46146.7917
28I001705,MANGUM HIGH SCHOOL,42659.5115
28I003105,GRANITE ELEMENTARY,40878.1466
28I003715,GRANITE HIGH SCHOOL,47442.0632
29I066105,HOLLIS ELEMENTARY,41030.9011
29I066510,HOLLIS MIDDLE SCHOOL,43382.8885
29I066705,HOLLIS HIGH SCHOOL,43928.3072
30I001105,LAVERNE ELEMENTARY,43664.6426
30I001705,LAVERNE HIGH SCHOOL,48010.1994
30I004105,BUFFALO ELEMENTARY,43025.2111
30I004715,BUFFALO HIGH SCHOOL,44842.693
31C010105,WHITEFIELD ELEMENTARY,43204.4335
31I013105,KINTA ELEMENTARY,43766.4811
31I013705,KINTA HIGH SCHOOL,40866.3074
31I020105,STIGLER ELEMENTARY,46380.9135
31I020505,STIGLER MIDDLE SCHOOL,46211.3426
31I020705,STIGLER HIGH SCHOOL,47562.5284
31I037105,McCURTAIN ELEMENTARY,44272
31I037705,McCURTAIN HIGH SCHOOL,44397.2683
31I043105,KEOTA ELEMENTARY,39684.1982
31I043705,KEOTA HIGH SCHOOL,45589.9585
32I001105,MOSS ELEMENTARY,43894.3514
32I001705,MOSS HIGH SCHOOL,40666.0934
32I005105,WETUMKA ELEMENTARY,43201.0062
32I005705,WETUMKA HIGH SCHOOL,43030.1244
32I035120,ETHEL REED ELEMENTARY,45449.2109
32I035130,THOMAS INTERMEDIATE ELEMENTARY SCHOOL,43163.5561
32I035705,HOLDENVILLE HIGH SCHOOL,44461.5576
32I048105,CALVIN ELEMENTARY,42561.3279
32I048705,CALVIN HIGH SCHOOL,43631.8408
32I054105,STUART ELEMENTARY,44622.2652
32I054705,STUART HIGH SCHOOL,43679.1228
33I001105,NAVAJO ELEMENTARY,41836.3343
33I001610,NAVAJO JR HIGH SCHOOL,45230.1266
33I001705,NAVAJO HIGH SCHOOL,45868.7616
33I014105,DUKE ELEMENTARY,40667.9615
33I014705,DUKE HIGH SCHOOL,44545.264
33I018105,RIVERS ELEMENTARY,45763.0679
33I018120,ROOSEVELT ELEMENTARY,45658.603
33I018125,SUNSET ELEMENTARY,45697.091
33I018130,WASHINGTON ELEMENTARY,42801.6529
33I018135,WILL ROGERS ELEMENTARY,42703.0358
33I018145,ALTUS INTERMEDIATE SCHOOL,44426.4833
33I018625,ALTUS JR HIGH SCHOOL,45241.077
33I018705,ALTUS HIGH SCHOOL,46421.8506
33I025105,ELDORADO ELEMENTARY,37663.9573
33I025705,ELDORADO HIGH SCHOOL,44117.8679
33I035105,OLUSTEE ELEMENTARY,46578.7523
33I035705,OLUSTEE HIGH SCHOOL,45749.6818
33I054105,BLAIR ELEMENTARY,42157.8787
33I054705,BLAIR HIGH SCHOOL,46666.1067
34C003105,TERRAL ELEMENTARY,42070.217
34I001105,RYAN ELEMENTARY,43723.8291
34I001705,RYAN HIGH SCHOOL,47991.1589
34I014105,RINGLING ELEMENTARY,43062.6042
34I014610,RINGLING JR HIGH SCHOOL,45543.512
34I014705,RINGLING HIGH SCHOOL,46108.0243
34I023105,WAURIKA ELEMENTARY,41740.7582
34I023510,WAURIKA MIDDLE SCHOOL,44389.8635
34I023705,WAURIKA HIGH SCHOOL,42269.8512
35C007105,MANNSVILLE ELEMENTARY,41913.3183
35C010105,RAVIA ELEMENTARY,45666.3704
35I002105,MILL CREEK ELEMENTARY,41434.6354
35I002705,MILL CREEK HIGH SCHOOL,43834.2222
35I020105,TISHOMINGO ELEMENTARY,41155.7826
35I020505,TISHOMINGO MIDDLE SCHOOL,42863.2672
35I020705,TISHOMINGO HIGH SCHOOL,43288.261
35I029105,MILBURN ELEMENTARY,42686.8861
35I029705,MILBURN HIGH SCHOOL,45219.1579
35I035105,COLEMAN ELEMENTARY,42250.406
35I035705,COLEMAN HIGH SCHOOL,42438.4257
35I037105,WAPANUCKA ELEMENTARY,43835.9886
35I037705,WAPANUCKA HIGH SCHOOL,44282.8566
36C027105,PECKHAM ELEMENTARY,45064.0957
36C050105,KILDARE ELEMENTARY,37483.4455
36I045125,BLACKWELL ELEMENTARY,42658.6998
36I045505,BLACKWELL MIDDLE SCHOOL,41963.0001
36I045705,BLACKWELL HIGH SCHOOL,44159.9858
36I071120,LIBERTY ELEMENTARY,39954.1481
36I071125,LINCOLN ELEMENTARY,42872.1351
36I071130,UNION ELEMENTARY,43235.0779
36I071135,ROOSEVELT ELEMENTARY,42460.1181
36I071137,E. M. TROUT ELEMENTARY,45541.9028
36I071145,WOODLANDS ELEMENTARY,45127.6444
36I071150,GARFIELD ELEMENTARY,42712.8667
36I071505,PONCA CITY WEST MIDDLE SCHOOL,45149.6256
36I071515,PONCA CITY EAST MIDDLE SCHOOL,45317.6296
36I071705,PONCA CITY HIGH SCHOOL,46137.4401
36I087105,TONKAWA ELEMENTARY,42792.5305
36I087505,TONKAWA MIDDLE SCHOOL,45365.7397
36I087715,TONKAWA HIGH SCHOOL,47100.1083
36I125105,NEWKIRK ELEMENTARY,42729.3288
36I125110,BRAMAN ELEMENTARY,38426.1391
36I125505,NEWKIRK MIDDLE SCHOOL,42112.4347
36I125705,NEWKIRK HIGH SCHOOL,41661.3343
37I002105,DOVER ELEMENTARY,41751.8433
37I002705,DOVER HIGH SCHOOL,40609.2703
37I003105,LOMEGA ELEMENTARY,45101.9643
37I003705,LOMEGA HIGH SCHOOL,43279.6788
37I007110,GILMOUR ELEMENTARY,42047.5247
37I007120,HERITAGE ELEMENTARY,42538.1462
37I007505,KINGFISHER MIDDLE SCHOOL,43483.201
37I007705,KINGFISHER HIGH SCHOOL,44031.8543
37I016105,HENNESSEY LOWER ELEMENTARY,42174.6915
37I016110,HENNESSEY UPPER ELEMENTARY,41936.325
37I016705,HENNESSEY HIGH SCHOOL,43821.82
37I089105,CASHION ELEMENTARY,41503.6057
37I089705,CASHION HIGH SCHOOL,43072.952
37I105105,OKARCHE ELEMENTARY,44461.869
37I105610,OKARCHE JR HIGH SCHOOL,40862.9621
37I105705,OKARCHE HIGH SCHOOL,47896.5993
38I001115,HOBART ELEMENTARY,43565.6784
38I001505,HOBART MIDDLE SCHOOL,44702.7318
38I001705,HOBART HIGH SCHOOL,44327.7011
38I002105,LONE WOLF ELEMENTARY,44865.3043
38I002705,LONE WOLF HIGH SCHOOL,48900.8838
38I003110,MOUNTAIN VIEW-GOTEBO ELEMENTARY,40502.2907
38I003715,MOUNTAIN VIEW-GOTEBO HIGH SCHOOL,47097.7011
38I004105,SNYDER ELEMENTARY,44271.6352
38I004110,SNYDER ELEMENTARY,43141.472
38I004705,SNYDER HIGH SCHOOL,45629.0226
39I001105,WILBURTON ELEMENTARY,46013.5785
39I001510,WILBURTON MIDDLE SCHOOL,46604.533
39I001705,WILBURTON HIGH SCHOOL,46653.2177
39I002105,RED OAK ELEMENTARY,44381.9289
39I002705,RED OAK HIGH SCHOOL,50432.6984
39I003105,BUFFALO VALLEY ELEMENTARY,40037.1699
39I003705,BUFFALO VALLEY HIGH SCHOOL,43510.3714
39I004105,PANOLA ELEMENTARY,44256.8896
39I004705,PANOLA HIGH SCHOOL,37873.0667
40C004105,SHADY POINT ELEMENTARY,39321.5556
40C011105,MONROE ELEMENTARY,45072
40C014105,HODGEN ELEMENTARY,42240.2628
40C039105,FANSHAWE ELEMENTARY,45062.8074
40I002110,SPIRO ELEMENTARY,45888.7407
40I002505,SPIRO MIDDLE SCHOOL,45227.0895
40I002705,SPIRO HIGH SCHOOL,47006.3097
40I003105,HEAVENER ELEMENTARY,43909.7361
40I003705,HEAVENER HIGH SCHOOL,43323.0195
40I007105,POCOLA ELEMENTARY,41472.6929
40I007505,POCOLA MIDDLE SCHOOL,42397.8987
40I007705,POCOLA HIGH SCHOOL,44471.8203
40I016105,LeFLORE ELEMENTARY,42338.1201
40I016705,LeFLORE HIGH SCHOOL,42918.2667
40I017105,CAMERON ELEMENTARY,41947.1445
40I017705,CAMERON HIGH SCHOOL,43021.1258
40I020115,PANAMA ELEMENTARY,40988.5311
40I020505,PANAMA MIDDLE SCHOOL,41015.543
40I020705,PANAMA HIGH SCHOOL,43831.7063
40I026105,BOKOSHE ELEMENTARY,40725.0806
40I026615,BOKOSHE JR HIGH SCHOOL,42521.1432
40I026715,BOKOSHE HIGH SCHOOL,41514.908
40I029115,POTEAU UPPER ELEMENTARY,45401.3712
40I029120,POTEAU PRIMARY ELEMENTARY,46504.3967
40I029505,PANSY KIDD MIDDLE SCHOOL,47033.7334
40I029705,POTEAU HIGH SCHOOL,47634.5687
40I049105,WISTER ELEMENTARY,42017.6162
40I049715,WISTER HIGH SCHOOL,48947.1296
40I052105,TALIHINA ELEMENTARY,42163.9853
40I052610,TALIHINA JR HIGH SCHOOL,43206.1069
40I052705,TALIHINA HIGH SCHOOL,43039.0259
40I062105,WHITESBORO ELEMENTARY,46988.3926
40I062705,WHITESBORO HIGH SCHOOL,46356.0712
40I067105,HOWE ELEMENTARY,42414.7362
40I067705,HOWE HIGH SCHOOL,43151.6607
40I091205,SINGLETON ELEMENTARY SCHOOL,39818.5416
40I091605,ARKOMA JR HIGH SCHOOL,41118.3728
40I091715,ARKOMA HIGH SCHOOL,42423.3903
41C005105,WHITE ROCK ELEMENTARY,45247.5718
41I001110,EAST SIDE ELEMENTARY,43250.7022
41I001120,PARK ROAD ELEMENTARY,42486.9859
41I001610,CHANDLER JR HIGH SCHOOL,44092.0136
41I001705,CHANDLER HIGH SCHOOL,44961.5074
41I003105,DAVENPORT ELEMENTARY,41777.6667
41I003705,DAVENPORT HIGH SCHOOL,44209.4286
41I004105,WELLSTON ELEMENTARY,43762.9611
41I004505,WELLSTON MIDDLE SCHOOL,46753.876
41I004705,WELLSTON HIGH SCHOOL,46631.8323
41I054110,PARKVIEW ELEMENTARY,43972.8044
41I054505,STROUD MIDDLE SCHOOL,43392.322
41I054705,STROUD HIGH SCHOOL,45399.6889
41I095105,MEEKER ELEMENTARY,42511.1804
41I095505,MEEKER MIDDLE SCHOOL,41241.7962
41I095705,MEEKER HIGH SCHOOL,45114.1507
41I103105,PRAGUE ELEMENTARY,42415.9619
41I103505,PRAGUE MIDDLE SCHOOL,44742.814
41I103705,PRAGUE HIGH SCHOOL,42298.8091
41I105105,CARNEY ELEMENTARY,40544.1893
41I105705,CARNEY HIGH SCHOOL,44727.1523
41I134105,AGRA ELEMENTARY,42190.3891
41I134705,AGRA HIGH SCHOOL,45383.8805
42I001110,FOGARTY ELEMENTARY,40917.6855
42I001120,COTTERAL ELEMENTARY,41800.8108
42I001125,GUTHRIE UPPER ELEMENTARY,42781.8237
42I001130,CENTRAL ELEMENTARY,42325.7848
42I001610,GUTHRIE JR HIGH SCHOOL,42616.1817
42I001705,GUTHRIE HIGH SCHOOL,42855.5004
42I002105,CRESCENT ELEMENTARY,45968.2713
42I002515,CRESCENT MIDDLE SCHOOL,44131.1058
42I002715,CRESCENT HIGH SCHOOL,48146.0002
42I003105,MULHALL-ORLANDO ELEMENTARY,47164.4515
42I003705,MULHALL-ORLANDO HIGH SCHOOL,49368.5751
42I014105,COYLE ELEMENTARY,46724.792
42I014705,COYLE HIGH SCHOOL,53729.9115
43C003105,GREENVILLE ELEMENTARY,37275.8095
43I004105,THACKERVILLE ELEMENTARY,37469.5978
43I004705,THACKERVILLE HIGH SCHOOL,43258.3229
43I005105,TURNER ELEMENTARY,41419.0116
43I005705,TURNER HIGH SCHOOL,40467.3584
43I016105,MARIETTA ELEMENTARY,41134.3069
43I016500,MARIETTA MIDDLE SCHOOL,40085.4451
43I016705,MARIETTA HIGH SCHOOL,43501.1312
44I001105,RINGWOOD ELEMENTARY,41710.768
44I001705,RINGWOOD HIGH SCHOOL,42704.3185
44I004105,ALINE-CLEO ELEMENTARY,42977.6831
44I004705,ALINE-CLEO HIGH SCHOOL,47854.6763
44I084105,CORNELSEN ELEMENTARY,44377.5988
44I084510,CHAMBERLAIN MIDDLE SCHOOL,50132.6711
44I084705,FAIRVIEW HIGH SCHOOL,46819.7991
44I092105,CIMARRON ELEMENTARY,41157.779
44I092705,CIMARRON HIGH SCHOOL,40545.7501
45I002105,MADILL ELEMENTARY,43984.5319
45I002505,MADILL MIDDLE SCHOOL,45185.8324
45I002705,MADILL HIGH SCHOOL,46296.0658
45I003105,KINGSTON ELEMENTARY,40332.8372
45I003505,KINGSTON MIDDLE SCHOOL,42206.7489
45I003705,KINGSTON HIGH SCHOOL,40794.5161
46C021105,SPAVINAW ELEMENTARY,37289.034
46C035105,WICKLIFFE ELEMENTARY,45555.2136
46C043105,OSAGE ELEMENTARY,38123.0769
46I001105,LINCOLN ELEMENTARY,47246.5239
46I001110,JEFFERSON ELEMENTARY,44171.5802
46I001115,ROOSEVELT ELEMENTARY,44434.7826
46I001610,PRYOR JR HIGH SCHOOL,48920.1276
46I001705,PRYOR HIGH SCHOOL,52829.039
46I002105,BERNITA HUGHES ELEMENTARY,40695.9653
46I002505,ADAIR MIDDLE SCHOOL,41372.6804
46I002705,ADAIR HIGH SCHOOL,44417.112
46I016105,SALINA ELEMENTARY,43601.2857
46I016505,SALINA MIDDLE SCHOOL,42348.0065
46I016705,SALINA HIGH SCHOOL,44602.1089
46I017105,LOCUST GROVE EARLY LRNING CTR,40824.9577
46I017110,LOCUST GROVE UPPER ELEMENTARY,43120.254
46I017505,LOCUST GROVE MIDDLE SCHOOL,42455.6578
46I017705,LOCUST GROVE HIGH SCHOOL,44414.9929
46I032105,CHOUTEAU ELEMENTARY,42303.8791
46I032110,MAZIE ELEMENTARY,45263.3158
46I032115,CHOUTEAU-MAZIE EC CTR,43427.9965
46I032505,CHOUTEAU-MAZIE MIDDLE SCHOOL,44391.5968
46I032705,CHOUTEAU-MAZIE HIGH SCHOOL,43783.4
47C004105,BYARS ELEMENTARY,32829.0051
47I001105,NEWCASTLE ELEMENTARY,42805.3819
47I001110,NEWCASTLE EARLY CHILDHOOD CENTER,40830.176
47I001505,NEWCASTLE MIDDLE SCHOOL,44414.2779
47I001705,NEWCASTLE HIGH SCHOOL,43532.7365
47I002105,DIBBLE ELEMENTARY,40682.4103
47I002515,DIBBLE MIDDLE SCHOOL,41691.9659
47I002715,DIBBLE HIGH SCHOOL,44573.2844
47I005105,WASHINGTON ELEMENTARY,41961.1229
47I005510,WASHINGTON MIDDLE SCHOOL,42211.3347
47I005705,WASHINGTON HIGH SCHOOL,45525.3561
47I010105,WAYNE ELEMENTARY,41354.0057
47I010505,WAYNE MIDDLE SCHOOL,38898.2723
47I010705,WAYNE HIGH SCHOOL,44073.0534
47I015105,PURCELL ELEMENTARY,43342.3943
47I015115,PURCELL INTERMEDIATE SCHOOL,41745.0676
47I015610,PURCELL JR HIGH SCHOOL,45378.443
47I015705,PURCELL HIGH SCHOOL,47015.962
47I029105,BLANCHARD ELEMENTARY,40445.9266
47I029110,BLANCHARD INTERMEDIATE ELEMENTARY SCHOOL,40981.3009
47I029510,BLANCHARD MIDDLE SCHOOL,42359.14
47I029705,BLANCHARD HIGH SCHOOL,43361.1877
48C001105,FOREST GROVE ELEMENTARY,39738.627
48C009105,LUKFATA ELEMENTARY,44022.9517
48C023105,GLOVER ELEMENTARY,29415.4444
48C037105,DENISON ELEMENTARY,42257.6109
48C072105,HOLLY CREEK ELEMENTARY,46189.2313
48I005110,CENTRAL ELEMENTARY,41470.9332
48I005120,IDABEL PRIMARY SOUTH ELEMENTARY SCHOOL,43417.4527
48I005505,IDABEL MIDDLE SCHOOL,44851.7815
48I005710,IDABEL HIGH SCHOOL,45132.5613
48I006105,HAWORTH ELEMENTARY,44033.6347
48I006610,HAWORTH JR HIGH SCHOOL,44600.6909
48I006705,HAWORTH HIGH SCHOOL,44429.084
48I011110,VALLIANT ELEMENTARY,44005.6522
48I011505,VALLIANT MIDDLE SCHOOL,46846.2585
48I011705,VALLIANT HIGH SCHOOL,44722.8314
48I013105,EAGLETOWN ELEMENTARY,43363.8244
48I013705,EAGLETOWN HIGH SCHOOL,44168.5955
48I014105,SMITHVILLE ELEMENTARY,38295.1884
48I014505,SMITHVILLE MIDDLE SCHOOL,41412.4035
48I014705,SMITHVILLE HIGH SCHOOL,49169.3948
48I039105,WRIGHT CITY ELEMENTARY,43310.2569
48I039610,WRIGHT CITY JR HIGH SCHOOL,42478.2228
48I039705,WRIGHT CITY HIGH SCHOOL,44227.1038
48I071105,BATTIEST ELEMENTARY,41126.1562
48I071715,BATTIEST HIGH SCHOOL,44517.7047
48I074110,BENNETT ELEMENTARY,42611.9763
48I074120,DIERKS ELEMENTARY,41152.0282
48I074505,RECTOR JOHNSON MIDDLE SCHOOL,41528.3249
48I074705,BROKEN BOW HIGH SCHOOL,44673.8199
49C003105,RYAL ELEMENTARY,45237.6923
49C016105,STIDHAM ELEMENTARY,40046.7532
49I001120,EUFAULA ELEMENTARY,45167.6539
49I001505,EUFAULA MIDDLE SCHOOL,43319.1343
49I001710,EUFAULA HIGH SCHOOL,43578.5076
49I019110,MARSHALL ELEMENTARY,41307.4429
49I019112,CHECOTAH INTERMEDIATE ELEMENTARY SCHOOL,43175.4971
49I019505,CHECOTAH MIDDLE SCHOOL,43888.2992
49I019705,CHECOTAH HIGH SCHOOL,45742.682
49I027105,MIDWAY ELEMENTARY,45695.4904
49I027705,MIDWAY HIGH SCHOOL,45859.1429
49I064105,HANNA ELEMENTARY,46541.8952
49I064705,HANNA HIGH SCHOOL,59332.9741
50I001105,SULPHUR ELEMENTARY,41660.2531
50I001110,SULPHUR INTERMEDIATE ELEMENTARY SCHOOL,43513.1322
50I001510,SULPHUR MIDDLE SCHOOL,41091.6156
50I001705,SULPHUR HIGH SCHOOL,44932.9565
50I010105,DAVIS ELEMENTARY,42903.5212
50I010505,DAVIS MIDDLE SCHOOL,43990.9951
50I010705,DAVIS HIGH SCHOOL,43034.4669
51C009105,WAINWRIGHT ELEMENTARY,41624.0934
51I002110,MARY WHITE ELEMENTARY,42707.5217
51I002505,HASKELL MIDDLE SCHOOL,43187.9854
51I002715,HASKELL HIGH SCHOOL,45551.2924
51I003105,FORT GIBSON INTERMEDIATE ELEMENTARY SCHOOL,44759.6154
51I003110,FORT GIBSON EARLY LEARNING CTR,45611.9212
51I003505,FORT GIBSON MIDDLE SCHOOL,46019.3389
51I003705,FORT GIBSON HIGH SCHOOL,48079.6864
51I006105,WEBBERS FALLS ELEMENTARY,40180.1406
51I006715,WEBBERS FALLS HIGH SCHOOL,42979.7646
51I008110,OKTAHA ELEMENTARY,42419.2404
51I008705,OKTAHA HIGH SCHOOL,46258.3651
51I020105,CHEROKEE ELEMENTARY,46055.9546
51I020110,CREEK ELEMENTARY,44298.4118
51I020120,BENJAMIN FRANKLIN SCIENCE ACADEMY,45872.7254
51I020125,GRANT-FOREMAN ELEMENTARY,43803.9412
51I020130,HARRIS-JOBE ELEMENTARY,45681.6667
51I020140,IRVING ELEMENTARY,45119.3684
51I020160,PERSHING ELEMENTARY,45439.15
51I020170,SADLER ARTS ACADEMY,45319.1783
51I020175,TONY GOETZ ELEMENTARY,43860.1449
51I020180,WHITTIER ELEMENTARY,44174.3545
51I020185,MUSKOGEE EC CTR,46569.375
51I020505,ALICE ROBERTSON JR HIGH SCHOOL,47074.3433
51I020705,MUSKOGEE HIGH SCHOOL,48404.2592
51I029105,HILLDALE LOWER ELEMENTARY,43086.5816
51I029110,HILLDALE UPPER ELEMENTARY,43298.6098
51I029505,HILLDALE MIDDLE SCHOOL,44729.9521
51I029705,HILLDALE HIGH SCHOOL,42255.0313
51I046105,BRAGGS ELEMENTARY,44569.3599
51I046705,BRAGGS HIGH SCHOOL,35877.9261
51I074105,WARNER ELEMENTARY,43934.3933
51I074715,WARNER HIGH SCHOOL,48099.7638
51I088105,PORUM ELEMENTARY,44801.8446
51I088705,PORUM HIGH SCHOOL,46086.7831
52I001105,PERRY ELEMENTARY,41029.9739
52I001605,PERRY JR HIGH SCHOOL,42136.6004
52I001705,PERRY HIGH SCHOOL,40449.9209
52I002105,BILLINGS ELEMENTARY,32331.1145
52I002705,BILLINGS HIGH SCHOOL,43581.24
52I004105,FRONTIER ELEMENTARY,44189.3071
52I004705,FRONTIER HIGH SCHOOL,47147.5303
52I006105,MORRISON ELEMENTARY,42742.6682
52I006510,MORRISON MIDDLE SCHOOL,41039.5065
52I006705,MORRISON HIGH SCHOOL,43223.5702
53I003105,OKLAHOMA UNION ELEMENTARY,42183.4474
53I003505,OKLAHOMA UNION MIDDLE SCHOOL,47684.1801
53I003705,OKLAHOMA UNION HIGH SCHOOL,48450.0222
53I040110,NOWATA ELEMENTARY,42220.3073
53I040505,NOWATA MIDDLE SCHOOL,43432.5781
53I040705,NOWATA HIGH SCHOOL,44261.2923
53I051105,SOUTH COFFEYVILLE ELEMENTARY,39273.4955
53I051705,SOUTH COFFEYVILLE HIGH SCHOOL,41576.736
54C029105,BEARDEN ELEMENTARY,40964.2241
54I002105,MASON ELEMENTARY,43739.964
54I002705,MASON HIGH SCHOOL,37473.8551
54I014105,PADEN ELEMENTARY,46255.6734
54I014705,PADEN HIGH SCHOOL,44730.2182
54I026105,OAKES ELEMENTARY,44370.3932
54I026110,OKEMAH NOBLE CTR,45840.536
54I026505,OKEMAH MIDDLE SCHOOL,45109.5079
54I026705,OKEMAH HIGH SCHOOL,43339.231
54I031110,SPENCE MEMORIAL ELEMENTARY,41843.6822
54I031610,WELEETKA JR HIGH SCHOOL,39600.3608
54I031705,WELEETKA HIGH SCHOOL,44431.3725
54I054105,GRAHAM ELEMENTARY,37205.1613
54I054110,DUSTIN ELEMENTARY,44173.1801
54I054705,GRAHAM HIGH SCHOOL,43445.5285
55C029105,OAKDALE ELEMENTARY,45896.786
55C074105,CRUTCHO ELEMENTARY,41988.6862
55I001102,APOLLO ELEMENTARY,45918.6213
55I001103,PUTNAM CITY SMART START EC CENTER,46339.9375
55I001105,CENTRAL ELEMENTARY,44519.7037
55I001110,ARBOR GROVE ELEMENTARY,46257.3834
55I001115,CORONADO HEIGHTS ELEMENTARY,46535.6667
55I001116,DENNIS ELEMENTARY,47604.2
55I001117,RALPH DOWNS ELEMENTARY,46738.6667
55I001118,HARVEST HILLS ELEMENTARY,46423.8932
55I001120,HILLDALE ELEMENTARY,43902.5402
55I001122,KIRKLAND ELEMENTARY,47761.9804
55I001124,LAKE PARK ELEMENTARY,48819.8421
55I001125,NORTHRIDGE ELEMENTARY,46140.124
55I001126,OVERHOLSER ELEMENTARY,44472.1799
55I001127,ROLLINGWOOD ELEMENTARY,46030.8042
55I001128,TULAKES ELEMENTARY,45243.7483
55I001130,WESTERN OAKS ELEMENTARY,45693.9024
55I001133,WILEY POST ELEMENTARY,44404.4961
55I001134,WILL ROGERS ELEMENTARY,46530.2988
55I001135,WINDSOR HILLS ELEMENTARY,45453.5628
55I001510,JAMES L. CAPPS MIDDLE SCHOOL,48515.8509
55I001520,COOPER MIDDLE SCHOOL,46833.0109
55I001530,HEFNER MIDDLE SCHOOL,47277.8597
55I001540,MAYFIELD MIDDLE SCHOOL,44939.0118
55I001550,WESTERN OAKS MIDDLE SCHOOL,46588.4445
55I001705,PUTNAM CITY HIGH SCHOOL,48405.1414
55I001708,PUTNAM CITY NORTH HIGH SCHOOL,48403.9452
55I001710,PUTNAM CITY WEST HIGH SCHOOL,47632.6483
55I003105,LUTHER ELEMENTARY,44906.6364
55I003505,LUTHER MIDDLE SCHOOL,42679.322
55I003705,LUTHER HIGH SCHOOL,44666.1805
55I004103,INDIAN MERIDIAN ELEMENTARY,41237.6728
55I004105,CHOCTAW ELEMENTARY,42753.503
55I004115,NICOMA PARK ELEMENTARY,42401.5
55I004120,NICOMA PARK INTERMEDIATE ELEMENTARY SCHOOL,41020.5128
55I004125,JAMES GRIFFITH INTERMEDIATE ELEMENTARY SCHOOL,43691.017
55I004126,L. W. WESTFALL ELEMENTARY,42248.8235
55I004515,NICOMA PARK MIDDLE SCHOOL,43210.0028
55I004520,CHOCTAW MIDDLE SCHOOL,41962.3714
55I004705,CHOCTAW HIGH SCHOOL,45217.226
55I006105,DEER CREEK ELEMENTARY,42873.9476
55I006110,PRAIRIE VALE ELEMENTARY,44682.1471
55I006115,ROSE UNION ELEMENTARY,44500.9253
55I006120,GROVE VALLEY ELEMENTARY,44245.8471
55I006125,DEER CREEK INTERMEDIATE SCHOOL,44501.021
55I006130,SPRING CREEK ELEMENTARY,43395.5785
55I006505,DEER CREEK MIDDLE SCHOOL,46087.4981
55I006705,DEER CREEK HIGH SCHOOL,45362.5044
55I007105,RUSSELL BABB ELEMENTARY,43519.7222
55I007110,CLARA REYNOLDS ELEMENTARY,42359.3143
55I007115,VIRGINIA SMITH ELEMENTARY,40556.4988
55I007505,HARRAH MIDDLE SCHOOL,44327.1515
55I007610,HARRAH JR HIGH SCHOOL,42990.5231
55I007705,HARRAH HIGH SCHOOL,44779.4146
55I009105,JONES ELEMENTARY,40957.6041
55I009505,JONES MIDDLE SCHOOL,41723.4898
55I009705,JONES HIGH SCHOOL,44567.8556
55I012105,CLEGERN ELEMENTARY,48034.8577
55I012110,RUSSELL DOUGHERTY ELEMENTARY,46818.576
55I012115,IDA FREEMAN ELEMENTARY,46747.2009
55I012122,NORTHERN HILLS ELEMENTARY,47452.5989
55I012125,ORVIS RISNER ELEMENTARY,45667.8834
55I012130,SUNSET ELEMENTARY,46597.5606
55I012135,WILL ROGERS ELEMENTARY,45982.7183
55I012140,CHISHOLM ELEMENTARY,48035.1621
55I012145,JOHN ROSS ELEMENTARY,46850.4082
55I012150,CHARLES HASKELL ELEMENTARY,45855.6112
55I012155,CROSS TIMBERS ELEMENTARY,47143.064
55I012160,WASHINGTON IRVING ELEMENTARY,46067.7988
55I012165,ANGIE DEBO ELEMENTARY,46483.4508
55I012170,WEST FIELD ELEMENTARY,45051.8874
55I012175,CENTENNIAL ELEMENTARY,45639.0644
55I012180,FRONTIER ELEMENTARY,44614.5313
55I012505,CIMARRON MIDDLE SCHOOL,47530.5259
55I012510,CHEYENNE MIDDLE SCHOOL,48102.7312
55I012515,SEQUOYAH MIDDLE SCHOOL,46059.06
55I012520,SUMMIT MIDDLE SCHOOL,47528.686
55I012525,CENTRAL MIDDLE SCHOOL,47124.5744
55I012705,MEMORIAL HIGH SCHOOL,48874.4159
55I012715,NORTH HIGH SCHOOL,47383.1847
55I012720,SANTA FE HIGH SCHOOL,47581.0157
55I037105,MILLWOOD ELEMENTARY,45979.2798
55I037705,MILLWOOD HIGH SCHOOL,46850.8876
55I041105,COUNCIL GROVE ELEMENTARY,42481.3003
55I041107,JOHN GLENN ELEMENTARY,43070.6479
55I041110,GREENVALE ELEMENTARY,42249.0268
55I041115,WINDS WEST ELEMENTARY,42070.3781
55I041120,BRIDGESTONE ELEMENTARY,40741.0448
55I041515,WESTERN HEIGHTS MIDDLE SCHOOL,41822.6115
55I041610,9TH GRADE CENTER,43221.4745
55I041705,WESTERN HEIGHTS HIGH SCHOOL,46055.3073
55I052105,BARNES ELEMENTARY,46283.35
55I052110,CLEVELAND BAILEY ELEMENTARY,47629.8315
55I052115,COUNTRY ESTATES ELEMENTARY,43530.7884
55I052120,DEL CITY ELEMENTARY,46616.2105
55I052130,EPPERLY HEIGHTS ELEMENTARY,44022.4827
55I052135,PLEASANT HILL EC CTR,47531.5976
55I052140,HIGHLAND PARK ELEMENTARY,44136.9538
55I052145,RIDGECREST ELEMENTARY,43575.9026
55I052150,SOLDIER CREEK ELEMENTARY,49215.3333
55I052160,STEED ELEMENTARY,48223.6735
55I052165,TINKER ELEMENTARY,42761.4491
55I052170,TOWNSEND ELEMENTARY,44402.8966
55I052185,PARKVIEW ELEMENTARY,42317.6111
55I052190,SCHWARTZ ELEMENTARY,47985.4118
55I052195,MIDWEST CITY ELEMENTARY,45587.495
55I052505,CARL ALBERT MIDDLE SCHOOL,46218.4043
55I052510,DEL CREST MIDDLE SCHOOL,46153.0585
55I052515,JARMAN MIDDLE SCHOOL,44932.4657
55I052520,KERR MIDDLE SCHOOL,43494.502
55I052525,MONRONEY MIDDLE SCHOOL,47598.896
55I052705,CARL ALBERT HIGH SCHOOL,47750.7612
55I052710,DEL CITY HIGH SCHOOL,45739.5395
55I052715,MIDWEST CITY HIGH SCHOOL,45961.8757
55I053105,CENTRAL OAK ELEMENTARY,47282.4508
55I053505,CROOKED OAK MIDDLE SCHOOL,46298.8743
55I053705,CROOKED OAK HIGH SCHOOL,46436.0291
55I088105,EARL HARRIS ELEMENTARY,42086.8386
55I088505,BETHANY MIDDLE SCHOOL,44079.4106
55I088705,BETHANY HIGH SCHOOL,45451.7055
55I089105,ADAMS ELEMENTARY,52340.7942
55I089110,ARTHUR ELEMENTARY,52158.5823
55I089123,BODINE ELEMENTARY,50513.9666
55I089125,BRITTON ELEMENTARY,49776.2054
55I089135,BUCHANAN ELEMENTARY,52985.3718
55I089150,CESAR CHAVEZ ELEMENTARY,48101.3393
55I089154,CLEVELAND ELEMENTARY,49578.5181
55I089165,COOLIDGE ELEMENTARY,45247.5319
55I089166,CAPITOL HILL ELEMENTARY,52032.9472
55I089170,F. D. MOON ELEMENTARY,51159.8089
55I089195,EDGEMERE ELEMENTARY,50807.9687
55I089205,EDWARDS ELEMENTARY,47666.2757
55I089215,EUGENE FIELD ELEMENTARY,53622.937
55I089220,FILLMORE ELEMENTARY,51327.8243
55I089240,GATEWOOD ELEMENTARY,49561.5202
55I089244,GREEN PASTURES ELEMENTARY,46229.9482
55I089251,GREYSTONE LOWER ELEMENTARY,51390.0609
55I089252,GREYSTONE UPPER ELEMENTARY,45872.8255
55I089255,HAWTHORNE ELEMENTARY,51880.8304
55I089260,HAYES ELEMENTARY,51933.7834
55I089265,HERONVILLE ELEMENTARY,49605.9459
55I089268,HILLCREST ELEMENTARY,49620.2284
55I089270,HORACE MANN ELEMENTARY,52025.5909
55I089273,JACKSON ELEMENTARY,49269.2147
55I089275,JOHNSON ELEMENTARY,50317.0083
55I089280,KAISER ELEMENTARY,51488.4808
55I089283,M.L. KING JR. ELEMENTARY,50760.8937
55I089295,LEE ELEMENTARY,48217.5174
55I089305,LINWOOD ELEMENTARY,51348.9401
55I089320,MARK TWAIN ELEMENTARY,54438.5431
55I089335,MONROE ELEMENTARY,49665.3087
55I089340,NICHOLS HILLS ELEMENTARY,55698.2996
55I089343,NORTH HIGHLAND ELEMENTARY,49927.8669
55I089344,OAKRIDGE ELEMENTARY,48612.2973
55I089350,THELMA R. PARKS ELEMENTARY,48615.5646
55I089352,PARMELEE ELEMENTARY,48586.9697
55I089353,PIERCE ELEMENTARY,50235.1543
55I089360,PRAIRIE QUEEN ELEMENTARY,50678.5004
55I089365,PUTNAM HEIGHTS ELEMENTARY,48435.8687
55I089368,QUAIL CREEK ELEMENTARY,53223.5983
55I089370,RANCHO VILLAGE ELEMENTARY,49469.6738
55I089375,RIDGEVIEW ELEMENTARY,56109.7891
55I089385,ROCKWOOD ELEMENTARY,49135.9438
55I089395,SEQUOYAH ELEMENTARY,49214.7075
55I089400,SHIDLER ELEMENTARY,48513.8488
55I089407,SOUTHERN HILLS ELEMENTARY,51580.7547
55I089408,SPENCER ELEMENTARY,49595.0194
55I089410,STAND WATIE ELEMENTARY,51147.0483
55I089417,TELSTAR ELEMENTARY,57575.692
55I089440,VAN BUREN ELEMENTARY,51500.3983
55I089455,WEST NICHOLS HILLS ELEMENTARY,52405.2657
55I089460,WESTWOOD ELEMENTARY,50416.1239
55I089465,WHEELER ELEMENTARY,51140.8485
55I089477,WILLOW BROOK ELEMENTARY,50439.8618
55I089480,WILSON ELEMENTARY,50378.2949
55I089503,BELLE ISLE MIDDLE SCHOOL,48612.791
55I089508,CLASSEN MIDDLE SCHOOL OF ADVANCED STUDIES,54926.9294
55I089512,DOUGLASS MIDDLE SCHOOL,47566.8431
55I089518,JEFFERSON MIDDLE SCHOOL,50295.1348
55I089521,NORTHEAST MIDDLE SCHOOL,51867.3125
55I089522,ROGERS MIDDLE SCHOOL,52112.9081
55I089523,ROOSEVELT MIDDLE SCHOOL,48555.6922
55I089525,TAFT MIDDLE SCHOOL,52053.0232
55I089530,WEBSTER MIDDLE SCHOOL,51790.094
55I089535,JOHN MARSHALL MIDDLE SCHOOL,48741.943
55I089540,OKLAHOMA CENTENNIAL MIDDLE SCHOOL,49032.468
55I089705,CAPITOL HILL HIGH SCHOOL,49822.7759
55I089706,CLASSEN HIGH SCHOOL OF ADVANCED STUDIES,54905.2173
55I089707,DOUGLASS HIGH SCHOOL,50748.8359
55I089712,U. S. GRANT HIGH SCHOOL,48686.5774
55I089726,JOHN MARSHALL HIGH SCHOOL,54462.5038
55I089750,OKLAHOMA CENTENNIAL HIGH SCHOOL,50562.1175
55I089760,NORTHEAST HIGH SCHOOL,56577.5904
55I089765,NORTHWEST CLASSEN HIGH SCHOOL,52634.674
55I089770,SOUTHEAST HIGH SCHOOL,56524.4115
55I089780,STAR SPENCER HIGH SCHOOL,60370.8102
55I089971,INDEPENDENCE CHARTER MIDDLE SCHOOL,47160.5294
55I089973,HUPFELD ACADEMY AT WESTERN VILLAGE,51367.7701
55I089975,DOVE SCIENCE ACADEMY (OKC),43072.0626
55I089977,SANTA FE SOUTH HIGH SCHOOL,52578.4106
55I089978,HARDING CHARTER PREPARATORY HIGH SCHOOL,42555.4955
55I089980,HARDING FINE ARTS ACADEMY,42969.4686
55I089981,SANTA FE SOUTH MIDDLE SCHOOL,48932.6621
55I089982,KIPP REACH COLLEGE PREPARATORY,43297.8125
55I089984,DOVE SCIENCE ACADEMY ELEMENTARY (OKC),37861.0285
55I089986,HARPER ACADEMY,12735.3968
56C011105,TWIN HILLS ELEMENTARY,46019.7173
56I001130,OKMULGEE ELEMENTARY,41150.6696
56I001140,OKMULGEE PRIMARY SCHOOL,39971.319
56I001505,OKMULGEE MIDDLE SCHOOL,43849.2941
56I001705,OKMULGEE HIGH SCHOOL,42061.8274
56I002105,HENRYETTA ELEMENTARY,42823.2434
56I002505,HENRYETTA MIDDLE SCHOOL,44481.2901
56I002705,HENRYETTA HIGH SCHOOL,45165.7868
56I003105,MORRIS ELEMENTARY,45109.4891
56I003505,MORRIS MIDDLE SCHOOL,41034.083
56I003705,MORRIS HIGH SCHOOL,40245.6768
56I004105,BEGGS ELEMENTARY,39990.8889
56I004505,BEGGS MIDDLE SCHOOL,40458.6708
56I004705,BEGGS HIGH SCHOOL,42436.5856
56I005110,PRESTON ELEMENTARY,41571.1799
56I005705,PRESTON HIGH SCHOOL,44980.4729
56I006105,SCHULTER ELEMENTARY,40632.4657
56I006705,SCHULTER HIGH SCHOOL,43375.5939
56I007105,WILSON ELEMENTARY,47400.9573
56I007705,WILSON HIGH SCHOOL,45012.3538
56I008105,DEWAR ELEMENTARY,43360.9597
56I008515,DEWAR MIDDLE SCHOOL,44802.3783
56I008715,DEWAR HIGH SCHOOL,45184.7334
57C003105,OSAGE HILLS ELEMENTARY,41109.1915
57C007105,BOWRING ELEMENTARY,38625.7895
57C035105,AVANT ELEMENTARY,41699.6528
57C052105,ANDERSON ELEMENTARY,43508.8636
57C077105,McCORD ELEMENTARY,44754.0738
57I002110,INDIAN CAMP ELEMENTARY,42250.7781
57I002115,PAWHUSKA ELEMENTARY,42438.6546
57I002705,PAWHUSKA HIGH SCHOOL,39376.9878
57I011105,WARD ELEMENTARY,42791.2132
57I011505,SHIDLER MIDDLE SCHOOL,43613.7259
57I011715,SHIDLER HIGH SCHOOL,49752.0866
57I029105,BARNSDALL ELEMENTARY,41671.1429
57I029615,BARNSDALL JR HIGH SCHOOL,40309.3304
57I029715,BARNSDALL HIGH SCHOOL,42044.9907
57I030105,WYNONA ELEMENTARY,45801.6194
57I030705,WYNONA HIGH SCHOOL,42837.8694
57I038105,HORACE MANN ELEMENTARY,44580.1696
57I038110,HOMINY EARLY CHILDHOOD CENTER,40422.3333
57I038505,HOMINY MIDDLE SCHOOL,42305.0343
57I038705,HOMINY HIGH SCHOOL,44780.2783
57I050105,PRUE ELEMENTARY,40016.2936
57I050705,PRUE HIGH SCHOOL,39180.06
57I090105,WOODLAND ELEMENTARY,43022.1869
57I090110,WOODLAND UPPER ELEMENTARY,44938.6613
57I090705,WOODLAND HIGH SCHOOL,46092.9699
58C010105,TURKEY FORD ELEMENTARY,40036.8443
58I001105,WYANDOTTE ELEMENTARY,44521.2448
58I001505,WYANDOTTE MIDDLE SCHOOL,44793.4314
58I001715,WYANDOTTE HIGH SCHOOL,43158.9112
58I014105,QUAPAW ELEMENTARY,43016.3755
58I014510,QUAPAW MIDDLE SCHOOL,45577.7161
58I014705,QUAPAW HIGH SCHOOL,48133.9672
58I018105,ALEXANDER ELEMENTARY,45467.0833
58I018505,COMMERCE MIDDLE SCHOOL,47645.1728
58I018705,COMMERCE HIGH SCHOOL,44558.3642
58I023110,NICHOLS ELEMENTARY,42465.5212
58I023115,ROCKDALE ELEMENTARY,40951.1429
58I023120,ROOSEVELT ELEMENTARY,42028.3636
58I023130,WASHINGTON ELEMENTARY,44250.8462
58I023135,WILSON ELEMENTARY,43670.6961
58I023505,WILL ROGERS MIDDLE SCHOOL,42795.5855
58I023705,MIAMI HIGH SCHOOL,45766.5966
58I026105,AFTON ELEMENTARY,42379.7984
58I026705,AFTON HIGH SCHOOL,44119.1241
58I031105,FAIRLAND ELEMENTARY,43764.6875
58I031510,FAIRLAND MIDDLE SCHOOL,41399.3112
58I031705,FAIRLAND HIGH SCHOOL,44692.5681
59C002105,JENNINGS ELEMENTARY,41336.2234
59I001105,PAWNEE ELEMENTARY,40456
59I001505,PAWNEE MIDDLE SCHOOL,46740.0699
59I001705,PAWNEE HIGH SCHOOL,47444.4617
59I006105,CLEVELAND PRIMARY ELEMENTARY,45301.2083
59I006115,CLEVELAND INTERMEDIATE ELEMENTARY SCHOOL,45311.4358
59I006505,CLEVELAND MIDDLE SCHOOL,45934.4471
59I006705,CLEVELAND HIGH SCHOOL,45210.373
60C104105,OAK GROVE ELEMENTARY,45542.4
60I003105,RIPLEY ELEMENTARY,43295.7232
60I003705,RIPLEY HIGH SCHOOL,40390.1533
60I016105,HIGHLAND PARK ELEMENTARY,44063.3038
60I016115,SANGRE RIDGE ELEMENTARY,43861.1202
60I016120,SKYLINE ELEMENTARY,45791.0115
60I016125,WESTWOOD ELEMENTARY,46343.9782
60I016130,WILL ROGERS ELEMENTARY,43705.4778
60I016135,RICHMOND ELEMENTARY,45388.4687
60I016505,STILLWATER MIDDLE SCHOOL,44741.937
60I016610,STILLWATER JR HIGH SCHOOL,45914.6853
60I016705,STILLWATER HIGH SCHOOL,50040.843
60I056105,PERKINS-TRYON ELEMENTARY,41650.0608
60I056110,PERKINS-TRYON INTERMEDIATE ELEMENTARY SCHOOL,42988.6047
60I056510,PERKINS-TRYON MS,44138.6665
60I056705,PERKINS-TRYON HIGH SCHOOL,44414.5617
60I067110,HARRISON ELEMENTARY,41172.9333
60I067120,WILSON SCHOOL,41267.4
60I067125,SUNNYSIDE ELEMENTARY,46026.5185
60I067130,HARMONY ELEMENTARY,42498.8276
60I067135,DEEP ROCK ELEMENTARY,44250.9
60I067505,CUSHING MIDDLE SCHOOL,44537.4689
60I067705,CUSHING HIGH SCHOOL,46260.8159
60I101105,GLENCOE ELEMENTARY,42410.7182
60I101705,GLENCOE HIGH SCHOOL,45194.8374
60I103105,YALE ELEMENTARY,41596.4512
60I103615,YALE JR HIGH SCHOOL,42158.735
60I103715,YALE HIGH SCHOOL,45764.7206
61C009105,KREBS ELEMENTARY,45945.851
61C029105,FRINK-CHAMBERS ELEMENTARY,47961.0216
61C056105,TANNEHILL ELEMENTARY,45895.3518
61C088105,HAYWOOD ELEMENTARY,47073.6354
61I001105,HARTSHORNE ELEMENTARY,42249.8966
61I001610,HARTSHORNE JR HIGH SCHOOL,45191.3332
61I001705,HARTSHORNE HIGH SCHOOL,48092.4743
61I002105,CANADIAN ELEMENTARY,41085.5317
61I002705,CANADIAN HIGH SCHOOL,45416.9077
61I011105,HAILEYVILLE ELEMENTARY,45962.6126
61I011705,HAILEYVILLE HIGH SCHOOL,44578.4273
61I014105,KIOWA ELEMENTARY,49967.3708
61I014715,KIOWA HIGH SCHOOL,50006.3007
61I017105,QUINTON ELEMENTARY,45702.0482
61I017715,QUINTON HIGH SCHOOL,47906.3734
61I025105,INDIANOLA ELEMENTARY,43640.6486
61I025715,INDIANOLA HIGH SCHOOL,44979.2249
61I028105,CROWDER ELEMENTARY,45409.7498
61I028705,CROWDER HIGH SCHOOL,45717.5345
61I030105,SAVANNA ELEMENTARY,44473.6703
61I030705,SAVANNA HIGH SCHOOL,46374
61I063105,PITTSBURG ELEMENTARY,42909.3157
61I063705,PITTSBURG HIGH SCHOOL,46607.8707
61I080105,EDMOND DOYLE ELEMENTARY,46475.2419
61I080110,EMERSON ELEMENTARY,44060.6061
61I080120,WILLIAM GAY EC CENTER,41428.0866
61I080125,JEFFERSON EC CTR,42380.6796
61I080130,WILL ROGERS ELEMENTARY,47507.9728
61I080135,WASHINGTON EC CTR,45330.5581
61I080150,PARKER INTERMEDIATE CENTER,44710.3771
61I080510,PUTERBAUGH MIDDLE SCHOOL,46129.5977
61I080705,McALESTER HIGH SCHOOL,47439.5458
62I001105,ALLEN ELEMENTARY,42855.4354
62I001705,ALLEN HIGH SCHOOL,42576.7141
62I009105,VANOSS ELEMENTARY,42226.3327
62I009705,VANOSS HIGH SCHOOL,45205.1119
62I016105,BYNG ELEMENTARY,46947.0597
62I016110,HOMER ELEMENTARY,42086.0923
62I016115,FRANCIS ELEMENTARY,41766.7309
62I016610,BYNG JR HIGH SCHOOL,43312.2604
62I016705,BYNG HIGH SCHOOL,42703.1896
62I019105,ADA EC CENTER,42308.008
62I019110,HAYES ELEMENTARY,42998.6508
62I019125,WASHINGTON ELEMENTARY,43043
62I019130,WILLARD ELEMENTARY,44380.7689
62I019610,ADA JR HIGH SCHOOL,44084.9612
62I019705,ADA HIGH SCHOOL,44117.4894
62I024105,LATTA ELEMENTARY,42632.8176
62I024510,LATTA MIDDLE SCHOOL,44885.6886
62I024705,LATTA HIGH SCHOOL,43665.6805
62I030105,STONEWALL ELEMENTARY,41432.0822
62I030515,McLISH MIDDLE SCHOOL,43380.2909
62I030705,STONEWALL HIGH SCHOOL,46394.8134
62I037105,ROFF ELEMENTARY,40778.8429
62I037705,ROFF HIGH SCHOOL,46661.058
63C010105,NORTH ROCK CREEK ELEMENTARY,44695.1813
63C027105,GROVE ELEMENTARY,44362.2876
63C029105,PLEASANT GROVE ELEMENTARY,46076.0947
63C032105,SOUTH ROCK CREEK ELEMENTARY,50096.2409
63I001105,McLOUD ELEMENTARY,42337.9433
63I001610,McLOUD JR HIGH SCHOOL,39697.0907
63I001705,McLOUD HIGH SCHOOL,43757.258
63I002105,DALE ELEMENTARY,41516.171
63I002510,DALE MIDDLE SCHOOL,50971.8543
63I002705,DALE HIGH SCHOOL,50039.478
63I003105,BETHEL ELEMENTARY,41701.6944
63I003505,BETHEL MIDDLE SCHOOL,43469.2012
63I003705,BETHEL HIGH SCHOOL,41760.3529
63I004110,MACOMB ELEMENTARY,40638.0292
63I004705,MACOMB HIGH SCHOOL,42160.8048
63I005105,EARLSBORO ELEMENTARY,45053.1328
63I005705,EARLSBORO HIGH SCHOOL,45318.7314
63I092105,BARNARD ELEMENTARY,41579.9512
63I092115,KROUCH ELEMENTARY,40252.992
63I092120,CROSS TIMBERS ELEMENTARY,41228.8846
63I092505,TECUMSEH MIDDLE SCHOOL,42190.6217
63I092710,TECUMSEH HIGH SCHOOL,45372.5239
63I093110,SHAWNEE EARLY LEARNING CENTER,47780.1923
63I093120,HORACE MANN ELEMENTARY,44473.0184
63I093130,JEFFERSON ELEMENTARY,46501.7959
63I093137,SEQUOYAH ELEMENTARY,48812.3256
63I093145,WILL ROGERS ELEMENTARY,45088.3137
63I093505,SHAWNEE MIDDLE SCHOOL,45282.0539
63I093705,SHAWNEE HIGH SCHOOL,48613.288
63I112105,ASHER ELEMENTARY,42320.9511
63I112705,ASHER HIGH SCHOOL,43090.1793
63I115105,WANETTE ELEMENTARY,38131.3381
63I115705,WANETTE HIGH SCHOOL,41446.1575
63I117105,MAUD ELEMENTARY,41656.0019
63I117705,MAUD HIGH SCHOOL,39862.7116
64C002105,ALBION ELEMENTARY,46304.5455
64C004105,TUSKAHOMA ELEMENTARY,45946.3211
64C015105,NASHOBA ELEMENTARY,39968.6142
64I001105,RATTAN ELEMENTARY,43328.2458
64I001610,RATTAN JR HIGH SCHOOL,46370.9821
64I001705,RATTAN HIGH SCHOOL,51616.0782
64I010105,CRAIN ELEMENTARY,42474.3706
64I010705,CLAYTON HIGH SCHOOL,53464.8388
64I013105,BRANTLY ELEMENTARY,42481.868
64I013510,OBUCH MIDDLE SCHOOL,43800.1935
64I013705,ANTLERS HIGH SCHOOL,46581.0381
64I022105,MOYERS ELEMENTARY,46013.3477
64I022705,MOYERS HIGH SCHOOL,45192.933
65I003105,LEEDEY ELEMENTARY,43056.9473
65I003705,LEEDEY HIGH SCHOOL,47049.7088
65I006105,REYDON ELEMENTARY,43092.1552
65I006705,REYDON HIGH SCHOOL,47403.8261
65I007105,CHEYENNE ELEMENTARY,43687.4534
65I007705,CHEYENNE HIGH SCHOOL,46109.7313
65I015105,SWEETWATER ELEMENTARY,44000.3585
65I015705,SWEETWATER HIGH SCHOOL,51351.159
65I066105,HAMMON ELEMENTARY,46500.4516
65I066705,HAMMON HIGH SCHOOL,46681.8551
66C009105,JUSTUS-TIAWAH ELEMENTARY,42332.1294
66I001105,CLAREMONT ELEMENTARY,40101.1064
66I001110,ROOSA ELEMENTARY,40790.9756
66I001115,WESTSIDE ELEMENTARY,41491.8788
66I001135,CATALAYAH ELEMENTARY,42197.4667
66I001610,WILL ROGERS JR HIGH SCHOOL,41532.8551
66I001705,CLAREMORE HIGH SCHOOL,42654.364
66I002105,J. W. SAM ELEMENTARY,42941.2429
66I002110,CHEROKEE ELEMENTARY,43529.219
66I002115,HELEN PAUL LEARNING CTR,40857.8067
66I002510,WELLS MIDDLE SCHOOL,42057.1252
66I002705,CATOOSA HIGH SCHOOL,43202.1796
66I003110,ART GOAD ELEMENTARY SCHOOL,42463.1987
66I003510,CHELSEA MIDDLE SCHOOL,43195.3069
66I003705,CHELSEA HIGH SCHOOL,42268.9849
66I004105,OOLOGAH-TALALA LOWER ELEMENTARY,41367.0097
66I004205,OOLOGAH-TALALA UPPER ELEMENTARY,43408.5597
66I004505,OOLOGAH-TALALA MIDDLE SCHOOL,45299.4422
66I004705,OOLOGAH-TALALA HIGH SCHOOL,44146.3965
66I005105,INOLA ELEMENTARY,42768.8276
66I005515,INOLA MIDDLE SCHOOL,45198.7629
66I005715,INOLA HIGH SCHOOL,44714.8545
66I006105,SEQUOYAH ELEMENTARY,43506.2809
66I006510,SEQUOYAH MIDDLE SCHOOL,43494.0497
66I006705,SEQUOYAH HIGH SCHOOL,45237.7268
66I007105,FOYIL ELEMENTARY,41335.0113
66I007610,FOYIL JR HIGH SCHOOL,44164.432
66I007705,FOYIL HIGH SCHOOL,42263.3644
66I008105,VERDIGRIS ELEMENTARY,42894.4872
66I008305,VERDIGRIS UPPER ELEMENTARY,44055.2535
66I008615,VERDIGRIS JR HIGH SCHOOL,44157.945
66I008705,VERDIGRIS HIGH SCHOOL,44613.7651
67C054105,JUSTICE ELEMENTARY,42299.7239
67I001105,WILSON ELEMENTARY,44751.3779
67I001110,NORTHWOOD ELEMENTARY,44747.3442
67I001505,SEMINOLE MIDDLE SCHOOL,43877.193
67I001715,SEMINOLE HIGH SCHOOL,46178.0123
67I002105,WEWOKA ELEMENTARY,41777.6285
67I002110,WEWOKA LEARNING CENTER,41630.6739
67I002510,WEWOKA MIDDLE SCHOOL,40612.3641
67I002705,WEWOKA HIGH SCHOOL,44013.1868
67I003105,BOWLEGS ELEMENTARY,40953.6
67I003705,BOWLEGS HIGH SCHOOL,44296.0283
67I004105,KONAWA ELEMENTARY,43716.2382
67I004510,KONAWA MIDDLE SCHOOL,39986.8988
67I004705,KONAWA HIGH SCHOOL,44783.0181
67I006110,NEW LIMA ELEMENTARY,40696.3183
67I006705,NEW LIMA HIGH SCHOOL,43960.1222
67I007105,VARNUM ELEMENTARY,43525.9217
67I007705,VARNUM HIGH SCHOOL,39971.0167
67I010105,SASAKWA ELEMENTARY,42030.3917
67I010705,SASAKWA HIGH SCHOOL,46298.7369
67I014105,STROTHER ELEMENTARY,40043.7541
67I014705,STROTHER HIGH SCHOOL,50158.5198
67I015105,BUTNER ELEMENTARY,41012.6966
67I015705,BUTNER HIGH SCHOOL,42950.582
68C001105,LIBERTY ELEMENTARY,44486.9312
68C035105,MARBLE CITY ELEMENTARY,43806.1382
68C036105,BRUSHY ELEMENTARY,42472.9534
68C050105,BELFONTE ELEMENTARY,43351.6406
68C050110,BELFONTE BELL ELEMENTARY (ADAIR COUNTY),45886.1818
68C068105,MOFFETT ELEMENTARY,45509.9275
68I001105,LIBERTY ELEMENTARY,43683.2672
68I001110,EASTSIDE ELEMENTARY,42654.3823
68I001510,TOMMIE SPEAR MIDDLE SCHOOL,44168.3135
68I001705,SALLISAW HIGH SCHOOL,45542.2866
68I002105,VIAN ELEMENTARY,41396.6338
68I002505,VIAN MIDDLE SCHOOL,42656.599
68I002705,VIAN HIGH SCHOOL,45739.1155
68I003110,MULDROW ELEMENTARY,47312.5739
68I003510,MULDROW MIDDLE SCHOOL,46275.8138
68I003705,MULDROW HIGH SCHOOL,48166.8218
68I004105,GANS ELEMENTARY,43622.778
68I004715,GANS HIGH SCHOOL,44243.1669
68I005105,ROLAND ELEMENTARY,45497.3421
68I005610,ROLAND JR HIGH SCHOOL,44245.604
68I005705,ROLAND HIGH SCHOOL,44367.0332
68I006105,GORE ELEMENTARY,40883.3171
68I006115,GORE UPPER ELEMENTARY,41620.1431
68I006715,GORE HIGH SCHOOL,41755.4623
68I007105,CENTRAL ELEMENTARY,40715.2733
68I007705,CENTRAL HIGH SCHOOL,41047.9486
69C082105,GRANDVIEW ELEMENTARY,43838.9231
69I001110,EMERSON ELEMENTARY,42883.8958
69I001125,HORACE MANN ELEMENTARY,42202.3529
69I001130,WILL ROGERS PRE-K CTR,43577.1901
69I001135,MARK TWAIN ELEMENTARY,45745.3672
69I001140,WOODROW WILSON ELEMENTARY,43132.5
69I001145,PLATO ELEMENTARY,45031.5167
69I001505,DUNCAN MIDDLE SCHOOL,44161.4362
69I001705,DUNCAN HIGH SCHOOL,44665.0949
69I002105,COMANCHE ELEMENTARY,43909.936
69I002510,COMANCHE MIDDLE SCHOOL,43717.1974
69I002705,COMANCHE HIGH SCHOOL,44752.2021
69I003105,MARLOW ELEMENTARY,42634.5553
69I003505,MARLOW MIDDLE SCHOOL,42602.9003
69I003705,MARLOW HIGH SCHOOL,45998.9044
69I015105,VELMA-ALMA ELEMENTARY,43488.0922
69I015505,VELMA-ALMA MIDDLE SCHOOL,44595.1105
69I015715,VELMA-ALMA HIGH SCHOOL,47039.6674
69I021105,EMPIRE ELEMENTARY,42292.5067
69I021605,EMPIRE HIGH JR HIGH SCHOOL,42380.5239
69I021715,EMPIRE HIGH SCHOOL,44097.9985
69I034105,CENTRAL HIGH ELEMENTARY,42865.8602
69I034600,CENTRAL HIGH JR HIGH SCHOOL,42765.2652
69I034705,CENTRAL HIGH HIGH SCHOOL,45562.9472
69I042105,BRAY-DOYLE ELEMENTARY,42782.1658
69I042705,BRAY-DOYLE HIGH SCHOOL,45376.9308
70C009105,OPTIMA ELEMENTARY,47551.2121
70C080105,STRAIGHT ELEMENTARY,46964.0276
70I001105,YARBROUGH ELEMENTARY,42646.2745
70I001705,YARBROUGH HIGH SCHOOL,40251.5862
70I008105,ACADEMY ELEMENTARY,44330.7906
70I008115,NORTHEAST ELEMENTARY,43842.6554
70I008120,HOMER LONG ELEMENTARY,45227.4483
70I008125,SALYER ELEMENTARY,43246.3183
70I008130,CARRIER ELEMENTARY,44460.7223
70I008135,NORTH PARK ELEMENTARY,43551.7874
70I008140,PRAIRIE ELEMENTARY,47219.6862
70I008610,CENTRAL JR HIGH SCHOOL,42914.8757
70I008705,GUYMON HIGH SCHOOL,44760.9289
70I015105,HARDESTY ELEMENTARY,38854.0762
70I015705,HARDESTY HIGH SCHOOL,45220.7959
70I023105,HOOKER ELEMENTARY,43568.7313
70I023715,HOOKER HIGH SCHOOL,46409.0351
70I053105,TYRONE ELEMENTARY,45664.7372
70I053705,TYRONE HIGH SCHOOL,48502.4336
70I060105,GOODWELL ELEMENTARY,43897.5042
70I060705,GOODWELL HIGH SCHOOL,44369.5303
70I061105,TEXHOMA ELEMENTARY,42117.3123
70I061705,TEXHOMA HIGH SCHOOL,46319.6773
71I008115,TIPTON ELEMENTARY,43252.1859
71I008715,TIPTON HIGH SCHOOL,47938.6132
71I009105,DAVIDSON ELEMENTARY,43628.3706
71I009705,DAVIDSON HIGH SCHOOL,44192.1091
71I158105,FREDERICK ELEMENTARY,42798.3663
71I158505,FREDERICK MIDDLE SCHOOL,44373.2256
71I158710,FREDERICK HIGH SCHOOL,43642.6857
71I249105,GRANDFIELD ELEMENTARY,42506.4471
71I249715,GRANDFIELD HIGH SCHOOL,40950.5728
72C015105,KEYSTONE ELEMENTARY,42278.0741
72I001103,ACADEMY CENTRAL ELEMENTARY,45058.2422
72I001111,ANDERSON ELEMENTARY,41527.0766
72I001112,HENRY ZARROW INTERNATIONAL SCHOOL,40557.4291
72I001118,BELL ELEMENTARY,42670.7964
72I001135,BURROUGHS ELEMENTARY,44057.3681
72I001140,CARNEGIE ELEMENTARY,46126.652
72I001145,CELIA CLINTON ELEMENTARY,41996.9519
72I001155,CHOUTEAU ELEMENTARY,43038.6084
72I001156,COLUMBUS ELEMENTARY,46383.7522
72I001158,COOPER ELEMENTARY,41135.0668
72I001163,DUAL LANGUAGE IMMERSION PROGRAM,38560
72I001167,BUNCHE EC DEVELOP. CENTER,45038.7
72I001168,PORTER  EC DEVELOP. CENTER,45519.6842
72I001169,REED EC DEVELOP. CENTER,47343.7585
72I001170,EISENHOWER INTERNATIONAL ELEMENTARY,43048.5965
72I001175,ELIOT ELEMENTARY,48481.1429
72I001180,EMERSON ELEMENTARY,45672.7804
72I001185,EUGENE FIELD ELEMENTARY,41945.9857
72I001198,GILCREASE ELEMENTARY,40797.3541
72I001199,GRIMES ELEMENTARY,51594.5678
72I001200,HAWTHORNE ELEMENTARY,42938.3265
72I001204,HAMILTON ELEMENTARY,43166.3311
72I001205,PATRICK HENRY ELEMENTARY,47249.8453
72I001215,HOOVER ELEMENTARY,49496.8852
72I001230,JACKSON ELEMENTARY,44480.2263
72I001245,JONES ELEMENTARY,44188.0135
72I001251,KENDALL-WHITTIER ELEMENTARY,42659.8395
72I001252,KERR ELEMENTARY,41958.5124
72I001255,KEY ELEMENTARY,45744.1397
72I001260,LANIER ELEMENTARY,45572.9625
72I001265,LEE ELEMENTARY,43970.2796
72I001269,LEWIS AND CLARK ELEMENTARY,46476.9394
72I001275,LINDBERGH ELEMENTARY,43705.3846
72I001305,MacARTHUR ELEMENTARY,42694.4576
72I001310,MARSHALL ELEMENTARY,41050.5275
72I001315,MAYO DEMONSTRATION ELEMENTARY,41505.0378
72I001320,McCLURE ELEMENTARY,40228.4509
72I001325,McKINLEY ELEMENTARY,44491.3391
72I001330,MITCHELL ELEMENTARY,41632.4276
72I001345,OWEN ELEMENTARY,45758.1737
72I001350,PARK ELEMENTARY,45691.979
72I001351,PEARY ELEMENTARY,45124.8765
72I001355,PENN ELEMENTARY,40174.9629
72I001378,REMINGTON ELEMENTARY,43033.1832
72I001395,ROBERTSON ELEMENTARY,47895.0805
72I001402,SALK ELEMENTARY,46210.6806
72I001405,SEQUOYAH ELEMENTARY,41354.5237
72I001410,SKELLY ELEMENTARY,42858.2182
72I001415,SPRINGDALE ELEMENTARY,43207.6159
72I001423,PROJECT ACCEPT TRAICE ELEMENTARY,48933.0029
72I001425,MARK TWAIN ELEMENTARY,42279.9577
72I001435,WHITMAN ELEMENTARY,39379.0295
72I001444,WRIGHT ELEMENTARY,46412.8914
72I001447,DISNEY ELEMENTARY,45477.1426
72I001449,GRISSOM ELEMENTARY,45864.5256
72I001515,CARVER MIDDLE SCHOOL,49307.8894
72I001530,CLINTON MIDDLE SCHOOL,43381.4619
72I001537,EDISON PREPARATORY MIDDLE SCHOOL,46841.4089
72I001563,MONROE DEMONSTRATION MIDDLE SCHOOL,38739.6022
72I001573,THOREAU DEMONSTRATION ACADEMY,42122.8005
72I001574,TRAICE MIDDLE SCHOOL,45641.5245
72I001658,CENTRAL JR HIGH SCHOOL,41339.7613
72I001659,EAST CENTRAL JR HIGH SCHOOL,43464.2791
72I001661,HALE JR HIGH SCHOOL,43884.913
72I001662,MCLAIN JR HIGH SCHOOL,39792.936
72I001663,MEMORIAL JR HIGH SCHOOL,44646.68
72I001664,WILL ROGERS COLLEGE JR HIGH SCHOOL,43936.6687
72I001667,TULSA MET JHS,47373.9405
72I001705,CENTRAL HIGH SCHOOL,43734.6195
72I001710,EAST CENTRAL HIGH SCHOOL,44375.4878
72I001712,THOMAS EDISON PREPARATORY HIGH SCHOOL,47585.6494
72I001715,NATHAN HALE HIGH SCHOOL,43426.115
72I001720,McLAIN HS FOR SCIENCE & TECHNOLOGY,44554.1585
72I001725,MEMORIAL HIGH SCHOOL,45832.9346
72I001730,WILL ROGERS COLLEGE HIGH SCHOOL,46003.3962
72I001735,BOOKER T. WASHINGTON HIGH SCHOOL,47158.9845
72I001740,DANIEL WEBSTER HIGH SCHOOL,49757.6308
72I001745,TULSA MET HIGH SCHOOL,48612.0031
72I001750,TRAICE,50277.8737
72I001974,TULSA SCHOOL OF ARTS & SCIENCES,41063.0388
72I001975,KIPP TULSA ACAD. COLLEGE PREP.,45431.368
72I001976,LIGHTHOUSE ACADEMIES OF TULSA,44422.4024
72I002103,SAND SPRINGS EC CTR,40753.375
72I002104,ANGUS VALLEY ELEMENTARY,42828.2308
72I002105,NORTHWOODS FINE ARTS ACADEMY,44455.4435
72I002110,GARFIELD ELEMENTARY,42795.9529
72I002120,LIMESTONE ELEMENTARY,43125.3529
72I002123,PRATT ELEMENTARY,44978.5926
72I002520,CLYDE BOYD MIDDLE SCHOOL,44246.5183
72I002615,CENTRAL 9TH GRADE CTR,43806.864
72I002705,CHARLES PAGE HIGH SCHOOL,46333.714
72I003100,CREEKWOOD EARLY CHILDHOOD CENTER,40579.0667
72I003103,ARROW SPRINGS EARLY CHILDHOOD CENTER,38380.8269
72I003105,ASPEN CREEK EARLY CHILDHOOD CENTER,39270.3316
72I003107,PARKLANE EARLY CHILDHOOD CENTER,38814.3571
72I003110,RHOADES ELEMENTARY,43433.934
72I003120,ARROWHEAD ELEMENTARY,41971.4001
72I003125,VANDEVER ELEMENTARY,42063.854
72I003135,HIGHLAND PARK ELEMENTARY,42758.5396
72I003140,LYNN WOOD ELEMENTARY,44230.4039
72I003150,LEISURE PARK ELEMENTARY,43846.3461
72I003160,SPRING CREEK ELEMENTARY,43465.9727
72I003165,WOLF CREEK ELEMENTARY,42791.7228
72I003170,COUNTRY LANE PRIMARY,40653.3549
72I003175,LIBERTY ELEMENTARY,42125.1553
72I003180,COUNTRY LANE INTERMEDIATE ELEMENTARY,42119.3583
72I003200,CREEKWOOD ELEMENTARY,43270.6765
72I003205,ASPEN CREEK ELEMENTARY,42410.4864
72I003215,OAK CREST ELEMENTARY,42585.6364
72I003505,CENTENNIAL MIDDLE SCHOOL,42327.4474
72I003510,SEQUOYAH MIDDLE SCHOOL,42831.0658
72I003520,CHILDERS MIDDLE SCHOOL,42596.4196
72I003525,OLIVER MIDDLE SCHOOL,27999.9016
72I003530,ONETA RIDGE MIDDLE SCHOOL,43142.6101
72I003700,BROKEN ARROW FRESHMAN ACADEMY,43940.9614
72I003720,BROKEN ARROW HIGH SCHOOL,45195.8722
72I004110,CENTRAL ELEMENTARY,45348.3611
72I004120,BIXBY NORTH ELEMENTARY,43921.7
72I004130,NORTH INTERMEDIATE SCHOOL,46831.7239
72I004140,CENTRAL INTERMEDIATE SCHOOL,46310.3625
72I004150,NORTHEAST ELEMENTARY AND INTERMEDIATE,44388.8222
72I004505,BIXBY MIDDLE SCHOOL,46675.2792
72I004705,BIXBY HIGH SCHOOL,46332.6877
72I005110,JENKS EAST ELEMENTARY,45458.9421
72I005115,JENKS WEST ELEMENTARY,44578.6648
72I005120,SOUTHEAST ELEMENTARY,44746.2442
72I005125,WEST INTERMEDIATE ELEMENTARY SCHOOL,45607.5733
72I005130,EAST INTERMEDIATE ELEMENTARY SCHOOL,45126.5097
72I005505,JENKS MIDDLE SCHOOL,49300.2062
72I005705,JENKS HIGH SCHOOL,47827.2549
72I006105,COLLINSVILLE EC CTR,40857.8265
72I006115,WILSON ELEMENTARY,42831.2094
72I006120,HERALD ELEMENTARY,41518.1538
72I006500,COLLINSVILLE MIDDLE SCHOOL,42165.549
72I006705,COLLINSVILLE HIGH SCHOOL,44687.3043
72I007110,MARRS ELEMENTARY,41556.9202
72I007120,SKIATOOK INTERMEDIATE ELEMENTARY,41770.8891
72I007505,NEWMAN MIDDLE SCHOOL,41968.1498
72I007705,SKIATOOK HIGH SCHOOL,42625.5923
72I008105,SPERRY ELEMENTARY,41544.1749
72I008505,SPERRY MIDDLE SCHOOL,41850.4456
72I008705,SPERRY HIGH SCHOOL,43449.1501
72I009105,GROVE ELEMENTARY,41376.1549
72I009110,BRIARGLEN ELEMENTARY,40741.0829
72I009115,BOEVERS ELEMENTARY,40850.8761
72I009120,CLARK ELEMENTARY,43822.4454
72I009122,DARNABY ELEMENTARY,44317.9475
72I009125,PETERS ELEMENTARY,43554.315
72I009130,ANDERSEN ELEMENTARY,44762.1573
72I009135,McAULIFFE ELEMENTARY,40353.0906
72I009140,JARMAN ELEMENTARY,45151.7278
72I009145,CEDAR RIDGE ELEMENTARY,45976.5699
72I009150,MARSHALL T. MOORE ELEMENTARY,44527.4476
72I009155,ROSA PARKS ELEMENTARY,43545.3201
72I009160,THOMAS JEFFERSON ELEMENTARY,44555.3273
72I009510,UNION 6TH-7TH GRADE CTR,43970.1874
72I009620,UNION 8TH GRADE CTR,44679.6429
72I009705,UNION HIGH SCHOOL,45992.0317
72I009720,UNION NINTH GRADE CENTER,44728.866
72I010105,BERRYHILL SOUTH ELEMENTARY,41598.6803
72I010510,BERRYHILL MIDDLE SCHOOL,41433.7675
72I010705,BERRYHILL HIGH SCHOOL,41681.6574
72I011105,BARNES ELEMENTARY,46754.391
72I011110,ATOR ELEMENTARY,44785.3397
72I011115,MILLS ELEMENTARY,48743.7313
72I011120,HAYWARD SMITH ELEMENTARY,46711.9128
72I011125,PAMELA HODSON ELEMENTARY,48346.7434
72I011130,LARKIN BAILEY ELEMENTARY,46492.2744
72I011135,NORTHEAST ELEMENTARY,45128.6017
72I011145,STONE CANYON ELEMENTARY,43418.8981
72I011510,OWASSO 7TH GRADE CTR,49050.1341
72I011515,OWASSO 6TH GRADE CTR,48444.6261
72I011610,OWASSO 8TH GRADE CTR,47955.5194
72I011715,OWASSO HIGH SCHOOL,48177.5516
72I013105,GLENPOOL ELEMENTARY,44517.7424
72I013505,GLENPOOL MIDDLE SCHOOL,45668.0645
72I013705,GLENPOOL HIGH SCHOOL,46454.8207
72I014105,LIBERTY ELEMENTARY,41283.2113
72I014705,LIBERTY HIGH SCHOOL,43095.4613
73I001105,OKAY ELEMENTARY,43347.9311
73I001715,OKAY HIGH SCHOOL,47410.0996
73I017105,CENTRAL ELEMENTARY,44797.0597
73I017110,NORTHWEST ELEMENTARY,46177.1048
73I017115,SOUTHSIDE ELEMENTARY,43950.5228
73I017205,MISSION INTERMEDIATE GRADE CENTER,44520.3547
73I017210,HERITAGE INTERMEDIATE GRADE CENTER,44098.5147
73I017610,COWETA JR HIGH SCHOOL,43043.1118
73I017705,COWETA HIGH SCHOOL,44408.9925
73I017710,COWETA INTERMEDIATE HIGH SCHOOL,44108.3403
73I019105,WILLIAM R. TEAGUE ELEMENTARY,39591.1818
73I019110,ELLINGTON ELEMENTARY,40352.8203
73I019125,CENTRAL INTERMEDIATE ELEMENTARY SCHOOL,42622.67
73I019505,WAGONER MIDDLE SCHOOL,43021.2411
73I019710,WAGONER HIGH SCHOOL,41047.603
73I365105,PORTER CONSOLIDATED ELEMENTARY,42724.0754
73I365720,PORTER CONSOLIDATED HIGH SCHOOL,43190.9072
74I004105,COPAN ELEMENTARY,39400.446
74I004720,COPAN HIGH SCHOOL,41040.4805
74I007115,DEWEY ELEMENTARY,40652.0473
74I007510,DEWEY MIDDLE SCHOOL,40130.1966
74I007705,DEWEY HIGH SCHOOL,42948.9711
74I018110,CANEY VALLEY ELEMENTARY,42137.5813
74I018510,CANEY VALLEY MIDDLE SCHOOL,43250.126
74I018705,CANEY VALLEY HIGH SCHOOL,43160.2172
74I030110,RICHARD KANE ELEMENTARY,44113.9171
74I030120,HOOVER ELEMENTARY,45392.5305
74I030130,JANE PHILLIPS ELEMENTARY,41734.3047
74I030160,RANCH HEIGHTS ELEMENTARY,43564.0045
74I030175,WAYSIDE ELEMENTARY,43945.7487
74I030185,WOODROW WILSON ELEMENTARY,42675.6887
74I030505,CENTRAL MIDDLE SCHOOL,45258.6067
74I030510,MADISON MIDDLE SCHOOL,43100.4854
74I030705,BARTLESVILLE HIGH SCHOOL,46323.8206
74I030710,BARTLESVILLE MID-HIGH,45251.9033
75I001105,McMURRAY ELEMENTARY,43083.7636
75I001705,BLANCHE THOMAS HIGH SCHOOL,43380.3529
75I010110,WILL ROGERS ELEMENTARY,41550.4728
75I010705,BURNS FLAT-DILL CITY HIGH SCHOOL,43097.5549
75I011105,CANUTE ELEMENTARY,41162.8309
75I011705,CANUTE HIGH SCHOOL,47625.5717
75I078105,CORDELL ELEMENTARY,43397.5694
75I078610,CORDELL JR HIGH SCHOOL,44664.9051
75I078705,CORDELL HIGH SCHOOL,40173.6538
76I001105,LINCOLN ELEMENTARY,41155.1151
76I001110,LONGFELLOW ELEMENTARY,42302.2202
76I001115,WASHINGTON ELEMENTARY,40141.4453
76I001505,ALVA MIDDLE SCHOOL,43287.2869
76I001705,ALVA HIGH SCHOOL,45501.5547
76I003105,WAYNOKA ELEMENTARY,43041.9887
76I003720,WAYNOKA HIGH SCHOOL,45190.8188
76I006105,FREEDOM ELEMENTARY,42289.8442
76I006705,FREEDOM HIGH SCHOOL,43465.4988
77I001105,CEDAR HEIGHTS ELEMENTARY,42909.586
77I001115,HORACE MANN ELEMENTARY,43549.4291
77I001125,WOODWARD EC CTR,41409.2238
77I001130,HIGHLAND PARK ELEMENTARY,43895.0541
77I001505,WOODWARD MIDDLE SCHOOL,42948.3397
77I001705,WOODWARD HIGH SCHOOL,44548.8404
77I002105,MOORELAND ELEMENTARY,41704.0162
77I002715,SENIOR HIGH SCHOOL,43286.9144
77I003105,SHARON-MUTUAL ELEMENTARY,49003.0338
77I003705,SHARON-MUTUAL HIGH SCHOOL,43525.5491
77I005105,FORT SUPPLY ELEMENTARY,44617.6666
77I005705,FORT SUPPLY HIGH SCHOOL,50847.8397